zone_id,h3_cell,resolution,moku_id,version,data_source,provenance
RAIL_1,8a464b963a0ffff,10,,2026.01,HART rail line sample 2026,Line sample res10 from HART Airport Section center alignment
RAIL_1,8a464b963a07fff,10,,2026.01,HART rail line sample 2026,Line sample res10 from HART Airport Section center alignment
RAIL_1,8a464b963a17fff,10,,2026.01,HART rail line sample 2026,Line sample res10 from HART Airport Section center alignment
RAIL_1,8a464b963b8ffff,10,,2026.01,HART rail line sample 2026,Line sample res10 from HART Airport Section center alignment
RAIL_1,8a464b963b9ffff,10,,2026.01,HART rail line sample 2026,Line sample res10 from HART Airport Section center alignment
RAIL_1,8a464b963b97fff,10,,2026.01,HART rail line sample 2026,Line sample res10 from HART Airport Section center alignment
RAIL_1,8a464b963167fff,10,,2026.01,HART rail line sample 2026,Line sample res10 from HART Airport Section center alignment
RAIL_1,8a464b9638dffff,10,,2026.01,HART rail line sample 2026,Line sample res10 from HART Airport Section center alignment
RAIL_1,8a464b96312ffff,10,,2026.01,HART rail line sample 2026,Line sample res10 from HART Airport Section center alignment
RAIL_1,8a464b963107fff,10,,2026.01,HART rail line sample 2026,Line sample res10 from HART Airport Section center alignment
RAIL_1,8a464b963117fff,10,,2026.01,HART rail line sample 2026,Line sample res10 from HART Airport Section center alignment
RAIL_1,8a464b963c4ffff,10,,2026.01,HART rail line sample 2026,Line sample res10 from HART Airport Section center alignment
RAIL_1,8a464b963c5ffff,10,,2026.01,HART rail line sample 2026,Line sample res10 from HART Airport Section center alignment
RAIL_1,8a464b963c57fff,10,,2026.01,HART rail line sample 2026,Line sample res10 from HART Airport Section center alignment
RAIL_1,8a464b963ce7fff,10,,2026.01,HART rail line sample 2026,Line sample res10 from HART Airport Section center alignment
RAIL_1,8a464b963c1ffff,10,,2026.01,HART rail line sample 2026,Line sample res10 from HART Airport Section center alignment
RAIL_1,8a464b963caffff,10,,2026.01,HART rail line sample 2026,Line sample res10 from HART Airport Section center alignment
RAIL_1,8a464b963ca7fff,10,,2026.01,HART rail line sample 2026,Line sample res10 from HART Airport Section center alignment
RAIL_1,8a464b963cb7fff,10,,2026.01,HART rail line sample 2026,Line sample res10 from HART Airport Section center alignment
RAIL_1,8a464b96234ffff,10,oahu-kona,2026.01,HART rail line sample 2026,Line sample res10 from HART Airport Section center alignment
RAIL_1,8a464b962347fff,10,oahu-kona,2026.01,HART rail line sample 2026,Line sample res10 from HART Airport Section center alignment
RAIL_1,8a464b962357fff,10,oahu-kona,2026.01,HART rail line sample 2026,Line sample res10 from HART Airport Section center alignment
RAIL_1,8a464b96230ffff,10,oahu-kona,2026.01,HART rail line sample 2026,Line sample res10 from HART Airport Section center alignment
RAIL_1,8a464b962307fff,10,oahu-kona,2026.01,HART rail line sample 2026,Line sample res10 from HART Airport Section center alignment
RAIL_1,8a464b962317fff,10,oahu-kona,2026.01,HART rail line sample 2026,Line sample res10 from HART Airport Section center alignment
RAIL_1,8a464b96204ffff,10,oahu-kona,2026.01,HART rail line sample 2026,Line sample res10 from HART Airport Section center alignment
RAIL_1,8a464b96205ffff,10,oahu-kona,2026.01,HART rail line sample 2026,Line sample res10 from HART Airport Section center alignment
RAIL_1,8a464b962057fff,10,oahu-kona,2026.01,HART rail line sample 2026,Line sample res10 from HART Airport Section center alignment
RAIL_1,8a464b9620e7fff,10,oahu-kona,2026.01,HART rail line sample 2026,Line sample res10 from HART Airport Section center alignment
RAIL_1,8a464b9620f7fff,10,oahu-kona,2026.01,HART rail line sample 2026,Line sample res10 from HART Airport Section center alignment
RAIL_1,8a464b9620affff,10,oahu-kona,2026.01,HART rail line sample 2026,Line sample res10 from HART Airport Section center alignment
RAIL_1,8a464b962017fff,10,oahu-kona,2026.01,HART rail line sample 2026,Line sample res10 from HART Airport Section center alignment
RAIL_1,8a464b96218ffff,10,oahu-kona,2026.01,HART rail line sample 2026,Line sample res10 from HART Airport Section center alignment
RAIL_1,8a464b9621affff,10,oahu-kona,2026.01,HART rail line sample 2026,Line sample res10 from HART Airport Section center alignment
RAIL_1,8a464b962117fff,10,oahu-kona,2026.01,HART rail line sample 2026,Line sample res10 from HART Airport Section center alignment
RAIL_1,8a464b9621a7fff,10,oahu-kona,2026.01,HART rail line sample 2026,Line sample res10 from HART Airport Section center alignment
RAIL_1,8a464b962c5ffff,10,oahu-kona,2026.01,HART rail line sample 2026,Line sample res10 from HART Airport Section center alignment
RAIL_1,8a464b962ceffff,10,oahu-kona,2026.01,HART rail line sample 2026,Line sample res10 from HART Airport Section center alignment
RAIL_1,8a464b962ce7fff,10,oahu-kona,2026.01,HART rail line sample 2026,Line sample res10 from HART Airport Section center alignment
RAIL_1,8a464b962c1ffff,10,oahu-kona,2026.01,HART rail line sample 2026,Line sample res10 from HART Airport Section center alignment
RAIL_1,8a464b962caffff,10,oahu-kona,2026.01,HART rail line sample 2026,Line sample res10 from HART Airport Section center alignment
RAIL_1,8a464b962c17fff,10,oahu-kona,2026.01,HART rail line sample 2026,Line sample res10 from HART Airport Section center alignment
RAIL_1,8a464b962ca7fff,10,oahu-kona,2026.01,HART rail line sample 2026,Line sample res10 from HART Airport Section center alignment
RAIL_1,8a464b962d8ffff,10,oahu-kona,2026.01,HART rail line sample 2026,Line sample res10 from HART Airport Section center alignment
RAIL_1,8a464b962d87fff,10,oahu-kona,2026.01,HART rail line sample 2026,Line sample res10 from HART Airport Section center alignment
RAIL_1,8a464b962db7fff,10,oahu-kona,2026.01,HART rail line sample 2026,Line sample res10 from HART Airport Section center alignment
RAIL_1,8a464b975a5ffff,10,oahu-ewa,2026.01,HART rail line sample 2026,Line sample res10 from HART Airport Section center alignment
RAIL_1,8a464b975a57fff,10,oahu-ewa,2026.01,HART rail line sample 2026,Line sample res10 from HART Airport Section center alignment
RAIL_1,8a464b975b5ffff,10,oahu-ewa,2026.01,HART rail line sample 2026,Line sample res10 from HART Airport Section center alignment
RAIL_1,8a464b975b77fff,10,oahu-ewa,2026.01,HART rail line sample 2026,Line sample res10 from HART Airport Section center alignment
RAIL_1,8a464b9664d7fff,10,oahu-ewa,2026.01,HART rail line sample 2026,Line sample res10 from HART Airport Section center alignment
RAIL_1,8a464b9664f7fff,10,oahu-ewa,2026.01,HART rail line sample 2026,Line sample res10 from HART Airport Section center alignment
RAIL_1,8a464b96641ffff,10,oahu-ewa,2026.01,HART rail line sample 2026,Line sample res10 from HART Airport Section center alignment
RAIL_1,8a464b966417fff,10,oahu-ewa,2026.01,HART rail line sample 2026,Line sample res10 from HART Airport Section center alignment
RAIL_1,8a464b966437fff,10,oahu-ewa,2026.01,HART rail line sample 2026,Line sample res10 from HART Airport Section center alignment
RAIL_1,8a464b966537fff,10,oahu-ewa,2026.01,HART rail line sample 2026,Line sample res10 from HART Airport Section center alignment
RAIL_1,8a464b966cb7fff,10,oahu-ewa,2026.01,HART rail line sample 2026,Line sample res10 from HART Airport Section center alignment
RAIL_1,8a464b966d9ffff,10,oahu-ewa,2026.01,HART rail line sample 2026,Line sample res10 from HART Airport Section center alignment
RAIL_1,8a464b966d87fff,10,oahu-ewa,2026.01,HART rail line sample 2026,Line sample res10 from HART Airport Section center alignment
RAIL_1,8a464b966da7fff,10,oahu-ewa,2026.01,HART rail line sample 2026,Line sample res10 from HART Airport Section center alignment
RAIL_1,8a464b966d17fff,10,oahu-ewa,2026.01,HART rail line sample 2026,Line sample res10 from HART Airport Section center alignment
RAIL_1,8a464b966d37fff,10,oahu-ewa,2026.01,HART rail line sample 2026,Line sample res10 from HART Airport Section center alignment
RAIL_2,8a464b966d37fff,10,oahu-ewa,2026.01,HART rail line sample 2026,Line sample res10 from HART Kamehameha Highway Section center alignment
RAIL_2,8a46482d968ffff,10,oahu-ewa,2026.01,HART rail line sample 2026,Line sample res10 from HART Kamehameha Highway Section center alignment
RAIL_2,8a46482d9607fff,10,oahu-ewa,2026.01,HART rail line sample 2026,Line sample res10 from HART Kamehameha Highway Section center alignment
RAIL_2,8a46482d962ffff,10,oahu-ewa,2026.01,HART rail line sample 2026,Line sample res10 from HART Kamehameha Highway Section center alignment
RAIL_2,8a46482d9627fff,10,oahu-ewa,2026.01,HART rail line sample 2026,Line sample res10 from HART Kamehameha Highway Section center alignment
RAIL_2,8a46482d970ffff,10,oahu-ewa,2026.01,HART rail line sample 2026,Line sample res10 from HART Kamehameha Highway Section center alignment
RAIL_2,8a46482d972ffff,10,oahu-ewa,2026.01,HART rail line sample 2026,Line sample res10 from HART Kamehameha Highway Section center alignment
RAIL_2,8a46482d9707fff,10,oahu-ewa,2026.01,HART rail line sample 2026,Line sample res10 from HART Kamehameha Highway Section center alignment
RAIL_2,8a46482d9727fff,10,oahu-ewa,2026.01,HART rail line sample 2026,Line sample res10 from HART Kamehameha Highway Section center alignment
RAIL_2,8a46482d909ffff,10,oahu-ewa,2026.01,HART rail line sample 2026,Line sample res10 from HART Kamehameha Highway Section center alignment
RAIL_2,8a46482d9097fff,10,oahu-ewa,2026.01,HART rail line sample 2026,Line sample res10 from HART Kamehameha Highway Section center alignment
RAIL_2,8a46482d954ffff,10,oahu-ewa,2026.01,HART rail line sample 2026,Line sample res10 from HART Kamehameha Highway Section center alignment
RAIL_2,8a46482d9547fff,10,oahu-ewa,2026.01,HART rail line sample 2026,Line sample res10 from HART Kamehameha Highway Section center alignment
RAIL_2,8a46482d9577fff,10,oahu-ewa,2026.01,HART rail line sample 2026,Line sample res10 from HART Kamehameha Highway Section center alignment
RAIL_2,8a46482d950ffff,10,oahu-ewa,2026.01,HART rail line sample 2026,Line sample res10 from HART Kamehameha Highway Section center alignment
RAIL_2,8a46482d952ffff,10,oahu-ewa,2026.01,HART rail line sample 2026,Line sample res10 from HART Kamehameha Highway Section center alignment
RAIL_2,8a46482d9507fff,10,oahu-ewa,2026.01,HART rail line sample 2026,Line sample res10 from HART Kamehameha Highway Section center alignment
RAIL_2,8a46482d9537fff,10,oahu-ewa,2026.01,HART rail line sample 2026,Line sample res10 from HART Kamehameha Highway Section center alignment
RAIL_2,8a46482d826ffff,10,oahu-ewa,2026.01,HART rail line sample 2026,Line sample res10 from HART Kamehameha Highway Section center alignment
RAIL_2,8a46482d8267fff,10,oahu-ewa,2026.01,HART rail line sample 2026,Line sample res10 from HART Kamehameha Highway Section center alignment
RAIL_2,8a46482d8277fff,10,oahu-ewa,2026.01,HART rail line sample 2026,Line sample res10 from HART Kamehameha Highway Section center alignment
RAIL_2,8a46482d835ffff,10,oahu-ewa,2026.01,HART rail line sample 2026,Line sample res10 from HART Kamehameha Highway Section center alignment
RAIL_2,8a46482d822ffff,10,oahu-ewa,2026.01,HART rail line sample 2026,Line sample res10 from HART Kamehameha Highway Section center alignment
RAIL_2,8a46482d8227fff,10,oahu-ewa,2026.01,HART rail line sample 2026,Line sample res10 from HART Kamehameha Highway Section center alignment
RAIL_2,8a46482d831ffff,10,oahu-ewa,2026.01,HART rail line sample 2026,Line sample res10 from HART Kamehameha Highway Section center alignment
RAIL_2,8a46482d8317fff,10,oahu-ewa,2026.01,HART rail line sample 2026,Line sample res10 from HART Kamehameha Highway Section center alignment
RAIL_2,8a46482d804ffff,10,oahu-ewa,2026.01,HART rail line sample 2026,Line sample res10 from HART Kamehameha Highway Section center alignment
RAIL_2,8a46482d805ffff,10,oahu-ewa,2026.01,HART rail line sample 2026,Line sample res10 from HART Kamehameha Highway Section center alignment
RAIL_2,8a46482d8057fff,10,oahu-ewa,2026.01,HART rail line sample 2026,Line sample res10 from HART Kamehameha Highway Section center alignment
RAIL_2,8a46482d800ffff,10,oahu-ewa,2026.01,HART rail line sample 2026,Line sample res10 from HART Kamehameha Highway Section center alignment
RAIL_2,8a46482d8007fff,10,oahu-ewa,2026.01,HART rail line sample 2026,Line sample res10 from HART Kamehameha Highway Section center alignment
RAIL_2,8a46482d8037fff,10,oahu-ewa,2026.01,HART rail line sample 2026,Line sample res10 from HART Kamehameha Highway Section center alignment
RAIL_2,8a46482d81affff,10,oahu-ewa,2026.01,HART rail line sample 2026,Line sample res10 from HART Kamehameha Highway Section center alignment
RAIL_2,8a46482d8187fff,10,oahu-ewa,2026.01,HART rail line sample 2026,Line sample res10 from HART Kamehameha Highway Section center alignment
RAIL_2,8a46482d81b7fff,10,oahu-ewa,2026.01,HART rail line sample 2026,Line sample res10 from HART Kamehameha Highway Section center alignment
RAIL_2,8a46482d8ceffff,10,oahu-ewa,2026.01,HART rail line sample 2026,Line sample res10 from HART Kamehameha Highway Section center alignment
RAIL_2,8a46482d8ce7fff,10,oahu-ewa,2026.01,HART rail line sample 2026,Line sample res10 from HART Kamehameha Highway Section center alignment
RAIL_2,8a46482d8c1ffff,10,oahu-ewa,2026.01,HART rail line sample 2026,Line sample res10 from HART Kamehameha Highway Section center alignment
RAIL_2,8a46482d8caffff,10,oahu-ewa,2026.01,HART rail line sample 2026,Line sample res10 from HART Kamehameha Highway Section center alignment
RAIL_2,8a46482d8c17fff,10,oahu-ewa,2026.01,HART rail line sample 2026,Line sample res10 from HART Kamehameha Highway Section center alignment
RAIL_2,8a46482d8ca7fff,10,oahu-ewa,2026.01,HART rail line sample 2026,Line sample res10 from HART Kamehameha Highway Section center alignment
RAIL_2,8a46482d8d9ffff,10,oahu-ewa,2026.01,HART rail line sample 2026,Line sample res10 from HART Kamehameha Highway Section center alignment
RAIL_2,8a46482d8d97fff,10,oahu-ewa,2026.01,HART rail line sample 2026,Line sample res10 from HART Kamehameha Highway Section center alignment
RAIL_2,8a46482dead7fff,10,oahu-ewa,2026.01,HART rail line sample 2026,Line sample res10 from HART Kamehameha Highway Section center alignment
RAIL_2,8a46482dea87fff,10,oahu-ewa,2026.01,HART rail line sample 2026,Line sample res10 from HART Kamehameha Highway Section center alignment
RAIL_2,8a46482dea97fff,10,oahu-ewa,2026.01,HART rail line sample 2026,Line sample res10 from HART Kamehameha Highway Section center alignment
RAIL_2,8a46482de14ffff,10,oahu-ewa,2026.01,HART rail line sample 2026,Line sample res10 from HART Kamehameha Highway Section center alignment
RAIL_2,8a46482de15ffff,10,oahu-ewa,2026.01,HART rail line sample 2026,Line sample res10 from HART Kamehameha Highway Section center alignment
RAIL_3,8a464b96b017fff,10,oahu-kona,2026.01,HART rail line sample 2026,Line sample res10 from HART City Center Section center alignment
RAIL_3,8a464b96b18ffff,10,oahu-kona,2026.01,HART rail line sample 2026,Line sample res10 from HART City Center Section center alignment
RAIL_3,8a464b96b187fff,10,oahu-kona,2026.01,HART rail line sample 2026,Line sample res10 from HART City Center Section center alignment
RAIL_3,8a464b96b197fff,10,oahu-kona,2026.01,HART rail line sample 2026,Line sample res10 from HART City Center Section center alignment
RAIL_3,8a464b96bccffff,10,oahu-kona,2026.01,HART rail line sample 2026,Line sample res10 from HART City Center Section center alignment
RAIL_3,8a464b96bcdffff,10,oahu-kona,2026.01,HART rail line sample 2026,Line sample res10 from HART City Center Section center alignment
RAIL_3,8a464b96b52ffff,10,oahu-kona,2026.01,HART rail line sample 2026,Line sample res10 from HART City Center Section center alignment
RAIL_3,8a464b96bcd7fff,10,oahu-kona,2026.01,HART rail line sample 2026,Line sample res10 from HART City Center Section center alignment
RAIL_3,8a464b96b527fff,10,oahu-kona,2026.01,HART rail line sample 2026,Line sample res10 from HART City Center Section center alignment
RAIL_3,8a464b96bc8ffff,10,oahu-kona,2026.01,HART rail line sample 2026,Line sample res10 from HART City Center Section center alignment
RAIL_3,8a464b96bc87fff,10,oahu-kona,2026.01,HART rail line sample 2026,Line sample res10 from HART City Center Section center alignment
RAIL_3,8a464b96bcb7fff,10,oahu-kona,2026.01,HART rail line sample 2026,Line sample res10 from HART City Center Section center alignment
RAIL_3,8a464b96a34ffff,10,,2026.01,HART rail line sample 2026,Line sample res10 from HART City Center Section center alignment
RAIL_3,8a464b96a36ffff,10,,2026.01,HART rail line sample 2026,Line sample res10 from HART City Center Section center alignment
RAIL_3,8a464b96a367fff,10,,2026.01,HART rail line sample 2026,Line sample res10 from HART City Center Section center alignment
RAIL_3,8a464b96aadffff,10,,2026.01,HART rail line sample 2026,Line sample res10 from HART City Center Section center alignment
RAIL_3,8a464b96aac7fff,10,,2026.01,HART rail line sample 2026,Line sample res10 from HART City Center Section center alignment
RAIL_3,8a464b96aad7fff,10,,2026.01,HART rail line sample 2026,Line sample res10 from HART City Center Section center alignment
RAIL_3,8a464b96aaf7fff,10,,2026.01,HART rail line sample 2026,Line sample res10 from HART City Center Section center alignment
RAIL_3,8a464b96aaaffff,10,,2026.01,HART rail line sample 2026,Line sample res10 from HART City Center Section center alignment
RAIL_3,8a464b96aaa7fff,10,,2026.01,HART rail line sample 2026,Line sample res10 from HART City Center Section center alignment
RAIL_3,8a464b96ab8ffff,10,,2026.01,HART rail line sample 2026,Line sample res10 from HART City Center Section center alignment
RAIL_3,8a464b96ab9ffff,10,,2026.01,HART rail line sample 2026,Line sample res10 from HART City Center Section center alignment
RAIL_3,8a464b96ab87fff,10,,2026.01,HART rail line sample 2026,Line sample res10 from HART City Center Section center alignment
RAIL_3,8a464b96abb7fff,10,,2026.01,HART rail line sample 2026,Line sample res10 from HART City Center Section center alignment
RAIL_3,8a464b96a857fff,10,,2026.01,HART rail line sample 2026,Line sample res10 from HART City Center Section center alignment
RAIL_3,8a464b96a80ffff,10,,2026.01,HART rail line sample 2026,Line sample res10 from HART City Center Section center alignment
RAIL_3,8a464b96a877fff,10,,2026.01,HART rail line sample 2026,Line sample res10 from HART City Center Section center alignment
RAIL_3,8a464b96a82ffff,10,,2026.01,HART rail line sample 2026,Line sample res10 from HART City Center Section center alignment
RAIL_3,8a464b96a95ffff,10,,2026.01,HART rail line sample 2026,Line sample res10 from HART City Center Section center alignment
RAIL_3,8a464b96a957fff,10,,2026.01,HART rail line sample 2026,Line sample res10 from HART City Center Section center alignment
RAIL_3,8a464b96a977fff,10,,2026.01,HART rail line sample 2026,Line sample res10 from HART City Center Section center alignment
RAIL_3,8a464b96a92ffff,10,,2026.01,HART rail line sample 2026,Line sample res10 from HART City Center Section center alignment
RAIL_3,8a464b96e2d7fff,10,oahu-kona,2026.01,HART rail line sample 2026,Line sample res10 from HART City Center Section center alignment
RAIL_3,8a464b96e2f7fff,10,oahu-kona,2026.01,HART rail line sample 2026,Line sample res10 from HART City Center Section center alignment
RAIL_3,8a464b96e21ffff,10,oahu-kona,2026.01,HART rail line sample 2026,Line sample res10 from HART City Center Section center alignment
RAIL_3,8a464b96e217fff,10,oahu-kona,2026.01,HART rail line sample 2026,Line sample res10 from HART City Center Section center alignment
RAIL_3,8a464b96e38ffff,10,oahu-kona,2026.01,HART rail line sample 2026,Line sample res10 from HART City Center Section center alignment
RAIL_3,8a464b96e3affff,10,oahu-kona,2026.01,HART rail line sample 2026,Line sample res10 from HART City Center Section center alignment
RAIL_3,8a464b96e0e7fff,10,oahu-kona,2026.01,HART rail line sample 2026,Line sample res10 from HART City Center Section center alignment
RAIL_3,8a464b96e18ffff,10,oahu-kona,2026.01,HART rail line sample 2026,Line sample res10 from HART City Center Section center alignment
RAIL_3,8a464b96e187fff,10,oahu-kona,2026.01,HART rail line sample 2026,Line sample res10 from HART City Center Section center alignment
RAIL_3,8a464b96ec0ffff,10,oahu-kona,2026.01,HART rail line sample 2026,Line sample res10 from HART City Center Section center alignment
RAIL_3,8a464b96edaffff,10,oahu-kona,2026.01,HART rail line sample 2026,Line sample res10 from HART City Center Section center alignment
RAIL_3,8a464b96eda7fff,10,oahu-kona,2026.01,HART rail line sample 2026,Line sample res10 from HART City Center Section center alignment
RAIL_3,8a464b963a5ffff,10,,2026.01,HART rail line sample 2026,Line sample res10 from HART City Center Section center alignment
RAIL_3,8a464b963a57fff,10,,2026.01,HART rail line sample 2026,Line sample res10 from HART City Center Section center alignment
RAIL_3,8a464b963a0ffff,10,,2026.01,HART rail line sample 2026,Line sample res10 from HART City Center Section center alignment
RAIL_12,8a464b9052c7fff,10,oahu-ewa,2026.01,HART rail line sample 2026,Line sample res10 from HART West Oahu/Farrington Highway Section center alignment
RAIL_12,8a464b9052e7fff,10,oahu-ewa,2026.01,HART rail line sample 2026,Line sample res10 from HART West Oahu/Farrington Highway Section center alignment
RAIL_12,8a464b905257fff,10,oahu-ewa,2026.01,HART rail line sample 2026,Line sample res10 from HART West Oahu/Farrington Highway Section center alignment
RAIL_12,8a464b905277fff,10,oahu-ewa,2026.01,HART rail line sample 2026,Line sample res10 from HART West Oahu/Farrington Highway Section center alignment
RAIL_12,8a464b905267fff,10,oahu-ewa,2026.01,HART rail line sample 2026,Line sample res10 from HART West Oahu/Farrington Highway Section center alignment
RAIL_12,8a464b90535ffff,10,oahu-ewa,2026.01,HART rail line sample 2026,Line sample res10 from HART West Oahu/Farrington Highway Section center alignment
RAIL_12,8a464b90534ffff,10,oahu-ewa,2026.01,HART rail line sample 2026,Line sample res10 from HART West Oahu/Farrington Highway Section center alignment
RAIL_12,8a464b905347fff,10,oahu-ewa,2026.01,HART rail line sample 2026,Line sample res10 from HART West Oahu/Farrington Highway Section center alignment
RAIL_12,8a464b90536ffff,10,oahu-ewa,2026.01,HART rail line sample 2026,Line sample res10 from HART West Oahu/Farrington Highway Section center alignment
RAIL_12,8a464b905367fff,10,oahu-ewa,2026.01,HART rail line sample 2026,Line sample res10 from HART West Oahu/Farrington Highway Section center alignment
RAIL_12,8a464b92ad97fff,10,oahu-ewa,2026.01,HART rail line sample 2026,Line sample res10 from HART West Oahu/Farrington Highway Section center alignment
RAIL_12,8a464b905acffff,10,oahu-ewa,2026.01,HART rail line sample 2026,Line sample res10 from HART West Oahu/Farrington Highway Section center alignment
RAIL_12,8a464b92adb7fff,10,oahu-ewa,2026.01,HART rail line sample 2026,Line sample res10 from HART West Oahu/Farrington Highway Section center alignment
RAIL_12,8a464b905aeffff,10,oahu-ewa,2026.01,HART rail line sample 2026,Line sample res10 from HART West Oahu/Farrington Highway Section center alignment
RAIL_12,8a464b905a57fff,10,oahu-ewa,2026.01,HART rail line sample 2026,Line sample res10 from HART West Oahu/Farrington Highway Section center alignment
RAIL_12,8a464b905a77fff,10,oahu-ewa,2026.01,HART rail line sample 2026,Line sample res10 from HART West Oahu/Farrington Highway Section center alignment
RAIL_12,8a464b905a2ffff,10,oahu-ewa,2026.01,HART rail line sample 2026,Line sample res10 from HART West Oahu/Farrington Highway Section center alignment
RAIL_12,8a464b905b57fff,10,oahu-ewa,2026.01,HART rail line sample 2026,Line sample res10 from HART West Oahu/Farrington Highway Section center alignment
RAIL_12,8a464b905b0ffff,10,oahu-ewa,2026.01,HART rail line sample 2026,Line sample res10 from HART West Oahu/Farrington Highway Section center alignment
RAIL_12,8a464b905b07fff,10,oahu-ewa,2026.01,HART rail line sample 2026,Line sample res10 from HART West Oahu/Farrington Highway Section center alignment
RAIL_12,8a464b905b27fff,10,oahu-ewa,2026.01,HART rail line sample 2026,Line sample res10 from HART West Oahu/Farrington Highway Section center alignment
RAIL_12,8a464b92e48ffff,10,oahu-ewa,2026.01,HART rail line sample 2026,Line sample res10 from HART West Oahu/Farrington Highway Section center alignment
RAIL_12,8a464b92e4f7fff,10,oahu-ewa,2026.01,HART rail line sample 2026,Line sample res10 from HART West Oahu/Farrington Highway Section center alignment
RAIL_12,8a464b92e41ffff,10,oahu-ewa,2026.01,HART rail line sample 2026,Line sample res10 from HART West Oahu/Farrington Highway Section center alignment
RAIL_12,8a464b92e007fff,10,oahu-ewa,2026.01,HART rail line sample 2026,Line sample res10 from HART West Oahu/Farrington Highway Section center alignment
RAIL_12,8a464b92e027fff,10,oahu-ewa,2026.01,HART rail line sample 2026,Line sample res10 from HART West Oahu/Farrington Highway Section center alignment
RAIL_12,8a464b92e157fff,10,oahu-ewa,2026.01,HART rail line sample 2026,Line sample res10 from HART West Oahu/Farrington Highway Section center alignment
RAIL_12,8a464b92e177fff,10,oahu-ewa,2026.01,HART rail line sample 2026,Line sample res10 from HART West Oahu/Farrington Highway Section center alignment
RAIL_12,8a464b92e8dffff,10,oahu-ewa,2026.01,HART rail line sample 2026,Line sample res10 from HART West Oahu/Farrington Highway Section center alignment
RAIL_12,8a464b92e8cffff,10,oahu-ewa,2026.01,HART rail line sample 2026,Line sample res10 from HART West Oahu/Farrington Highway Section center alignment
RAIL_12,8a464b92ebb7fff,10,oahu-ewa,2026.01,HART rail line sample 2026,Line sample res10 from HART West Oahu/Farrington Highway Section center alignment
RAIL_12,8a464b92eba7fff,10,oahu-ewa,2026.01,HART rail line sample 2026,Line sample res10 from HART West Oahu/Farrington Highway Section center alignment
RAIL_12,8a464b92eb57fff,10,oahu-ewa,2026.01,HART rail line sample 2026,Line sample res10 from HART West Oahu/Farrington Highway Section center alignment
RAIL_12,8a464b92eb47fff,10,oahu-ewa,2026.01,HART rail line sample 2026,Line sample res10 from HART West Oahu/Farrington Highway Section center alignment
RAIL_12,8a464b92eb6ffff,10,oahu-ewa,2026.01,HART rail line sample 2026,Line sample res10 from HART West Oahu/Farrington Highway Section center alignment
RAIL_12,8a464b92c79ffff,10,oahu-ewa,2026.01,HART rail line sample 2026,Line sample res10 from HART West Oahu/Farrington Highway Section center alignment
RAIL_12,8a464b92c637fff,10,oahu-ewa,2026.01,HART rail line sample 2026,Line sample res10 from HART West Oahu/Farrington Highway Section center alignment
RAIL_12,8a464b92c627fff,10,oahu-ewa,2026.01,HART rail line sample 2026,Line sample res10 from HART West Oahu/Farrington Highway Section center alignment
RAIL_12,8a464b92c76ffff,10,oahu-ewa,2026.01,HART rail line sample 2026,Line sample res10 from HART West Oahu/Farrington Highway Section center alignment
RAIL_12,8a464b92c38ffff,10,oahu-ewa,2026.01,HART rail line sample 2026,Line sample res10 from HART West Oahu/Farrington Highway Section center alignment
RAIL_12,8a464b92c3affff,10,oahu-ewa,2026.01,HART rail line sample 2026,Line sample res10 from HART West Oahu/Farrington Highway Section center alignment
RAIL_12,8a464b92c237fff,10,oahu-ewa,2026.01,HART rail line sample 2026,Line sample res10 from HART West Oahu/Farrington Highway Section center alignment
RAIL_12,8a464b92c31ffff,10,oahu-ewa,2026.01,HART rail line sample 2026,Line sample res10 from HART West Oahu/Farrington Highway Section center alignment
RAIL_12,8a464b92c227fff,10,oahu-ewa,2026.01,HART rail line sample 2026,Line sample res10 from HART West Oahu/Farrington Highway Section center alignment
RAIL_12,8a464b92c30ffff,10,oahu-ewa,2026.01,HART rail line sample 2026,Line sample res10 from HART West Oahu/Farrington Highway Section center alignment
RAIL_12,8a464b92c357fff,10,oahu-ewa,2026.01,HART rail line sample 2026,Line sample res10 from HART West Oahu/Farrington Highway Section center alignment
RAIL_12,8a464b92c347fff,10,oahu-ewa,2026.01,HART rail line sample 2026,Line sample res10 from HART West Oahu/Farrington Highway Section center alignment
RAIL_12,8a464b92c36ffff,10,oahu-ewa,2026.01,HART rail line sample 2026,Line sample res10 from HART West Oahu/Farrington Highway Section center alignment
RAIL_12,8a464b92dd9ffff,10,oahu-ewa,2026.01,HART rail line sample 2026,Line sample res10 from HART West Oahu/Farrington Highway Section center alignment
RAIL_12,8a464b92dca7fff,10,oahu-ewa,2026.01,HART rail line sample 2026,Line sample res10 from HART West Oahu/Farrington Highway Section center alignment
RAIL_12,8a464b92dd8ffff,10,oahu-ewa,2026.01,HART rail line sample 2026,Line sample res10 from HART West Oahu/Farrington Highway Section center alignment
RAIL_12,8a464b92dc17fff,10,oahu-ewa,2026.01,HART rail line sample 2026,Line sample res10 from HART West Oahu/Farrington Highway Section center alignment
RAIL_12,8a464b92dc07fff,10,oahu-ewa,2026.01,HART rail line sample 2026,Line sample res10 from HART West Oahu/Farrington Highway Section center alignment
RAIL_12,8a464b92dc2ffff,10,oahu-ewa,2026.01,HART rail line sample 2026,Line sample res10 from HART West Oahu/Farrington Highway Section center alignment
RAIL_12,8a464b92dd5ffff,10,oahu-ewa,2026.01,HART rail line sample 2026,Line sample res10 from HART West Oahu/Farrington Highway Section center alignment
RAIL_12,8a464b92dc67fff,10,oahu-ewa,2026.01,HART rail line sample 2026,Line sample res10 from HART West Oahu/Farrington Highway Section center alignment
RAIL_12,8a464b92d897fff,10,oahu-ewa,2026.01,HART rail line sample 2026,Line sample res10 from HART West Oahu/Farrington Highway Section center alignment
RAIL_12,8a464b92d887fff,10,oahu-ewa,2026.01,HART rail line sample 2026,Line sample res10 from HART West Oahu/Farrington Highway Section center alignment
RAIL_12,8a464b92d8affff,10,oahu-ewa,2026.01,HART rail line sample 2026,Line sample res10 from HART West Oahu/Farrington Highway Section center alignment
RAIL_12,8a464b92d81ffff,10,oahu-ewa,2026.01,HART rail line sample 2026,Line sample res10 from HART West Oahu/Farrington Highway Section center alignment
RAIL_12,8a464b92d807fff,10,oahu-ewa,2026.01,HART rail line sample 2026,Line sample res10 from HART West Oahu/Farrington Highway Section center alignment
RAIL_12,8a464b92d82ffff,10,oahu-ewa,2026.01,HART rail line sample 2026,Line sample res10 from HART West Oahu/Farrington Highway Section center alignment
RAIL_12,8a464b92d95ffff,10,oahu-ewa,2026.01,HART rail line sample 2026,Line sample res10 from HART West Oahu/Farrington Highway Section center alignment
RAIL_12,8a464b92d947fff,10,oahu-ewa,2026.01,HART rail line sample 2026,Line sample res10 from HART West Oahu/Farrington Highway Section center alignment
RAIL_12,8a464b92d94ffff,10,oahu-ewa,2026.01,HART rail line sample 2026,Line sample res10 from HART West Oahu/Farrington Highway Section center alignment
RAIL_12,8a464b92d96ffff,10,oahu-ewa,2026.01,HART rail line sample 2026,Line sample res10 from HART West Oahu/Farrington Highway Section center alignment
RAIL_12,8a46482de58ffff,10,oahu-ewa,2026.01,HART rail line sample 2026,Line sample res10 from HART West Oahu/Farrington Highway Section center alignment
RAIL_12,8a46482de5affff,10,oahu-ewa,2026.01,HART rail line sample 2026,Line sample res10 from HART West Oahu/Farrington Highway Section center alignment
RAIL_12,8a46482de51ffff,10,oahu-ewa,2026.01,HART rail line sample 2026,Line sample res10 from HART West Oahu/Farrington Highway Section center alignment
RAIL_12,8a46482de427fff,10,oahu-ewa,2026.01,HART rail line sample 2026,Line sample res10 from HART West Oahu/Farrington Highway Section center alignment
RAIL_12,8a46482de50ffff,10,oahu-ewa,2026.01,HART rail line sample 2026,Line sample res10 from HART West Oahu/Farrington Highway Section center alignment
RAIL_12,8a46482de557fff,10,oahu-ewa,2026.01,HART rail line sample 2026,Line sample res10 from HART West Oahu/Farrington Highway Section center alignment
RAIL_12,8a46482de547fff,10,oahu-ewa,2026.01,HART rail line sample 2026,Line sample res10 from HART West Oahu/Farrington Highway Section center alignment
RAIL_12,8a46482de1affff,10,oahu-ewa,2026.01,HART rail line sample 2026,Line sample res10 from HART West Oahu/Farrington Highway Section center alignment
RAIL_12,8a46482de117fff,10,oahu-ewa,2026.01,HART rail line sample 2026,Line sample res10 from HART West Oahu/Farrington Highway Section center alignment
RAIL_12,8a46482de11ffff,10,oahu-ewa,2026.01,HART rail line sample 2026,Line sample res10 from HART West Oahu/Farrington Highway Section center alignment
RAIL_12,8a46482de10ffff,10,oahu-ewa,2026.01,HART rail line sample 2026,Line sample res10 from HART West Oahu/Farrington Highway Section center alignment
RAIL_12,8a46482de157fff,10,oahu-ewa,2026.01,HART rail line sample 2026,Line sample res10 from HART West Oahu/Farrington Highway Section center alignment
RAIL_12,8a46482de15ffff,10,oahu-ewa,2026.01,HART rail line sample 2026,Line sample res10 from HART West Oahu/Farrington Highway Section center alignment
RAIL_12,8a46482de14ffff,10,oahu-ewa,2026.01,HART rail line sample 2026,Line sample res10 from HART West Oahu/Farrington Highway Section center alignment
