X,Y,esis_name,objectid,sch_code,sch_name,address,city,zip,phone,fax,principal,grade_from,grade_to,sch_type,website,complex,complex_area,district,island,charter
603597.8527,2365985.8404,August Ahrens Elem School,1,250,Ahrens Elementary,94-1170 Waipahu Street,Waipahu,96797,808.675.0202,808.675.0216,Hanh Quang Nguyen,K,6,Elementary,http://www.augustahrens.org/,Waipahu,Pearl City-Waipahu,Leeward,Oahu,0
621204.4952,2370810.0155,Ahuimanu Elem School,2,335,Ahuimanu Elementary,47-470 Hui Aeko Place,Kaneohe,96744,808.239.3125,808.239.3127,Kimi Yuki Ikeda,K,6,Elementary,https://sites.google.com/a/ahuimanu.k12.hi.us/ahuimanu-school/home,Castle,Castle-Kahuku,Windward,Oahu,0
611057.6848,2364148.6482,Aiea Elem School,3,200,Aiea Elementary,99-370 Moanalua Road,Aiea,96701,808.305.4400,808.483.7201,James L Kau,K,6,Elementary,http://www.aieaelementary.com/,Aiea,Aiea Moanalua-Radford,Central,Oahu,0
610860.5238,2365004.73,Aiea High School,4,202,Aiea High,98-1276 Ulune Street,Aiea,96701,808.305.6500,808.483.7303,Shannon Lee Tamashiro,9,12,High,http://www.aieahs.org/,Aiea,Aiea Moanalua-Radford,Central,Oahu,0
611678.9532,2364844.697,Aiea Inter School,5,201,Aiea Intermediate,99-600 Kulawea Street,Aiea,96701,808.305.7230,808.483.7235,Tom H Kurashige,7,8,Middle,http://www.aieais.k12.hi.us/,Aiea,Aiea Moanalua-Radford,Central,Oahu,0
629633.6949,2369639.6298,Aikahi Elem School,6,300,Aikahi Elementary,281 Ilihau Street,Kailua,96734,808.254.7944,808.254.7962,Keoki L Fraser,K,6,Elementary,http://www.aikahielementary.com/,Kalaheo,Kailua-Kalaheo,Windward,Oahu,0
629097.7792,2353551.9236,Aina Haina Elem School,7,100,Aina Haina Elementary,801 West Hind Drive,Honolulu,96821,808.377.2419,808.377.2426,Brendan P Burns,K,5,Elementary,http://www.ainahaina.k12.hi.us,Kaiser,Farrington-Kaiser-Kalani,Honolulu,Oahu,0
621753.432,2354132.4586,Ala Wai Elem School,8,101,Ala Wai Elementary,503 Kamoku Street,Honolulu,96826,808.973.0070,808.973.0081,Michelle Danette Debusca,K,5,Elementary,http://www.alawaielementary.org/,Kaimuki,Kaimuki-McKinley-Roosevelt,Honolulu,Oahu,0
612801.0233,2360484.1095,Aliamanu Elem School,9,203,Aliamanu Elementary,3265 Salt Lake Blvd.,Honolulu,96818,808.421.4280,808.421.4283,Sandra S Yoshimi,K,6,Elementary,http://aliamanu.k12.hi.us/,Radford,Aiea Moanalua-Radford,Central,Oahu,0
612472.7078,2360637.0471,Aliamanu Middle School,10,204,Aliamanu Middle,3271 Salt Lake Blvd.,Honolulu,96818,808.421.4100,808.421.4103,Albert M IV Hetrick,7,8,Middle,http://www.aliamanumiddle.org,Radford,Aiea Moanalua-Radford,Central,Oahu,0
624052.855,2354311.338,Aliiolani Elem School,11,102,Aliiolani Elementary,1240 7th Avenue,Honolulu,96816,808.733.4750,808.733.4758,Joseph Andrew Passantino,K,5,Elementary,http://www.aliiolani.k12.hi.us/,Kaimuki,Kaimuki-McKinley-Roosevelt,Honolulu,Oahu,0
625618.7518,2356293.8982,Anuenue School,12,103,Ke Kula Kaiapuni O Anuenue,2528 10th Avenue,Honolulu,96816,808.733.8465,808.733.8467,Glen K Miyasato,K,12,Elementary-Middle-High,http://home.anuenue.org/,Roosevelt,Kaimuki-McKinley-Roosevelt,Honolulu,Oahu,0
760985.342,2311891.45,Baldwin High School,13,400,Baldwin High,1650 Kaahumanu Avenue,Wailuku,96793,808.984.5656,808.984.5674,Catherine L Kilborn,9,12,High,http://www.baldwin.k12.hi.us/,Baldwin,Baldwin-Kekaulike-Maui,Maui,Maui,0
595340.013,2358197.9433,Barbers Point Elem School,14,251,Barbers Point Elementary,3001 Boxer Road,Kapolei,96707,808.673.7400,808.673.7403,Jaclyn Susan Riel,K,5,Elementary,http://barbers.k12.hi.us/,Kapolei,Campbell-Kapolei,Leeward,Oahu,0
602944.0329,2357367.8266,Campbell High School,15,252,Campbell High,91-980 North Road,Ewa Beach,96706,808.689.1200,808.689.1242,Jonhenry Sau Chen Lee,9,12,High,http://www.campbellhigh.org/,Campbell,Campbell-Kapolei,Leeward,Oahu,0
624904.7355,2367410.6766,Castle High School,16,301,Castle High,45-386 Kaneohe Bay Drive,Kaneohe,96744,808.233.5600,808.233.5623,Bernadette L S Tyrell,9,12,High,http://www.castlehs.k12.hi.us/,Castle,Castle-Kahuku,Windward,Oahu,0
618562.7098,2356967.1088,Central Middle School,17,104,Keelikolani Middle,1302 Queen Emma Street,Honolulu,96813,808.587.4400,808.587.4409,Anne Marie Lynn Murphy,6,8,Middle,https://www.keelikolanimiddle.org/,McKinley,Kaimuki-McKinley-Roosevelt,Honolulu,Oahu,0
907429.001,2184028.1755,DeSilva Elem School,18,351,DeSilva Elementary,278 Ainako Avenue,Hilo,96720,808.974.4855,808.974.4858,Dennis R O'Brien,K,6,Elementary,http://www.desilva.k12.hi.us/,Hilo,Hilo-Waiakea,Hawaii,Hawaii,0
616993.8972,2360574.2558,Dole Middle School,19,105,Dole Middle,1803 Kamehameha IV Road,Honolulu,96819,808.832.3340,808.832.3349,Mavis Sachiko Tasaka,6,8,Middle,http://dolemiddleschool.weebly.com/,Farrington,Farrington-Kaiser-Kalani,Honolulu,Oahu,0
439693.7475,2422906.7577,Eleele Elem School,20,451,Eleele Elementary,4750 Uliuli Road,Eleele,96705,808.335.2111,808.335.8415,Paul John Zina,K,5,Elementary,http://www.eleeleschool.k12.hi.us/,Waimea,Kapaa-Kauai-Waimea,Kauai,Kauai,0
631499.7175,2365182.2836,Enchanted Lake Elem School,21,302,Enchanted Lake Elementary,770 Keolu Drive,Kailua,96734,808.266.7800,808.266.7804,Pua'ala McElhaney,K,6,Elementary,http://elake.k12.hi.us,Kailua,Kailua-Kalaheo,Windward,Oahu,0
602222.6624,2357332.4604,Ewa Beach Elem School,22,254,Ewa Beach Elementary,91-740 Papipi Road,Ewa Beach,96706,808.689.1271,808.689.1275,Sherry Lee Kobayashi,K,6,Elementary,http://www.ewabeachelementary.org/,Campbell,Campbell-Kapolei,Leeward,Oahu,0
600232.1483,2360645.6089,Ewa Elem School,23,253,Ewa Elementary,91-1280 Renton Road,Ewa Beach,96706,808.681.8202,808.681.8206,Stanley  Jr Tamashiro,K,6,Elementary,http://ewael.k12.hi.us/Ewa_Elementary/Welcome.html,Campbell,Campbell-Kapolei,Leeward,Oahu,0
601032.8092,2358171.1487,Ewa Makai Middle School,24,296,Ewa Makai Middle,91-6291 Kapolei Parkway,Kapolei,96706,808.687.9500,808.685.2052,Kim M Sanders,6,8,Middle,http://www.ewamakai.org/,Campbell,Campbell-Kapolei,Leeward,Oahu,0
616813.1521,2359092.164,Farrington High School,25,106,Farrington High,1564 North King Street,Honolulu,96817,808.832.3600,808.832.3587,Alfredo B Carganilla,9,12,High,http://farringtonhighschool.org,Farrington,Farrington-Kaiser-Kalani,Honolulu,Oahu,0
615919.7497,2360085.9821,Fern Elem School,26,107,Fern Elementary,1121 Middle Street,Honolulu,96819,808.832.3040,808.832.3043,Fred T Yoshinaga,K,5,Elementary,http://fernschool.com/,Farrington,Farrington-Kaiser-Kalani,Honolulu,Oahu,0
909661.5633,2187939.2464,Haaheo Elem School,27,352,Haaheo Elementary,121 Haaheo Road,Hilo,96720,808.974.4111,808.974.4112,Jennifer Naomi Sueoka,K,6,Elementary,http://www.haaheo.org/,Hilo,Hilo-Waiakea,Hawaii,Hawaii,0
633966.1381,2355515.0587,Hahaione Elem School,28,108,Hahaione Elementary,595 Pepeekeo Street,Honolulu,96825,808.397.5822,808.397.5827,Shannon C Goo,K,5,Elementary,http://www.hahaionees.org/,Kaiser,Farrington-Kaiser-Kalani,Honolulu,Oahu,0
778478.1801,2316527.359,Haiku Elem School,29,401,Haiku Elementary,105 Pauwela Road,Haiku,96708,808.575.3000,808.575.3003,Desiree Sumiko Nani Sides,K,5,Elementary,https://sites.google.com/site/haikuelementary/,Kekaulike,Baldwin-Kekaulike-Maui,Maui,Maui,0
591795.2206,2387119.1502,Haleiwa Elem School,30,206,Haleiwa Elementary,66-505 Haleiwa Road,Haleiwa,96712,808.637.8237,808.637.8240,Malaea Frances Powell Wetzel,K,6,Elementary,http://www.haleiwa.k12.hi.us,Waialua,Leilehua-Mililani-Waialua,Central,Oahu,0
812305.4928,2300216.0306,Hana High & Elem School,31,402,Hana High and Elementary,4111 Hana Highway,Hana,96713,808.248.4815,808.248.4819,Richard Ward Paul,K,12,Elementary-Middle-High,http://www.hanak12school.org/,Hana,Hana-Lahainaluna-Lanai-Molokai,Maui,Maui,0
448252.6647,2455160.1122,Hanalei Elem School,32,452,Hanalei Elementary,5-5415 Kuhio Highway,Hanalei,96714,808.826.4300,808.826.4302,Taharaa Maree Stein,K,6,Elementary,http://www.hanalei.k12.hi.us/,Kapaa,Kapaa-Kauai-Waimea,Kauai,Kauai,0
613033.3948,2389768.9688,Hauula Elem School,33,303,Hauula Elementary,54-046 Kamehameha Highway,Hauula,96717,808.293.8925,808.293.8927,Uilani K Kaitoku,K,6,Elementary,https://www.facebook.com/hauulaelementary/,Kahuku,Castle-Kahuku,Windward,Oahu,0
623035.7246,2352857.4294,HI School for the Deaf & Blind,34,470,Hawai`i School for the Deaf and the Blind,3440 Leahi Avenue,Honolulu,96815,808.733.4999,808.733.4824,Angel Manuel Ramos,K,12,Elementary-Middle-High,http://www.hsdb.k12.hi.us/,Kalani,Farrington-Kaiser-Kalani,Honolulu,Oahu,0
623422.9716,2369006.9176,Heeia Elem School,35,304,Heeia Elementary,46-202 Haiku Road,Kaneohe,96744,808.233.5677,808.233.5679,Alma M Souki,K,6,Elementary,http://heeiahawks.weebly.com/,Castle,Castle-Kahuku,Windward,Oahu,0
601147.4158,2379299.3405,Helemano Elem School,36,208,Helemano Elementary,1001 Ihi Ihi Avenue,Wahiawa,96786,808.622.6336,808.622.6368,Ernest C Muh,K,5,Elementary,http://www.helemano.k12.hi.us/,Leilehua,Leilehua-Mililani-Waialua,Central,Oahu,0
607610.2129,2360496.0822,Hickam Elem School,37,209,Hickam Elementary,Manzelman Circle,Honolulu,96818,808.421.4148,808.421.4157,Alisa Ann Estrella Bender,K,6,Elementary,http://www.hickam.k12.hi.us/,Radford,Aiea Moanalua-Radford,Central,Oahu,0
607585.8286,2366802.0831,Highlands Inter School,38,255,Highlands Intermediate,1460 Hoolaulea Street,Pearl City,96782,808.453.6480,808.453.6484,Amy E Martinson,7,8,Middle,http://www.highlands.k12.hi.us/,Pearl City,Pearl City-Waipahu,Leeward,Oahu,0
909348.1907,2185521.504,Hilo High School,39,355,Hilo High,556 Waianuenue Avenue,Hilo,96720,808.313-5500,808.974.4036,Robert R Dircks,9,12,High,http://www.hilohs.k12.hi.us,Hilo,Hilo-Waiakea,Hawaii,Hawaii,0
909416.1807,2185328.8907,Hilo Inter School,40,356,Hilo Intermediate,587 Waianuenue Avenue,Hilo,96720,808.974.4955,808.974.6184,Heather Leigh Dansdill,7,8,Middle,http://www.edline.net/pages/Hilo_Intermediate_School,Hilo,Hilo-Waiakea,Hawaii,Hawaii,0
909892.2903,2185539.1894,Hilo Union Elem School,41,357,Hilo Union Elementary,506 Waianuenue Avenue,Hilo,96720,808.933.0900,808.933.0905,Bryan Kekoa Arbles,K,6,Elementary,http://hilounion.weebly.com/,Hilo,Hilo-Waiakea,Hawaii,Hawaii,0
623086.0445,2354794.464,Hokulani Elem School,42,109,Hokulani Elementary,2940 Kamakini Street,Honolulu,96816,808.733.4789,808.733.4792,Laurie L Q Luczak,K,5,Elementary,http://www.hokulani-elementary.com/,Kaimuki,Kaimuki-McKinley-Roosevelt,Honolulu,Oahu,0
601504.6863,2359990.8955,Holomua Elem School,43,280,Holomua Elementary,91-1561 Keaunui Drive,Ewa Beach,96706,808.685.2000,808.685.2003,Gary Tsutomu Yasui,K,6,Elementary,http://holomuael.blogspot.com/,Campbell,Campbell-Kapolei,Leeward,Oahu,0
820020.2349,2171976.2561,Holualoa Elem School,44,358,Holualoa Elementary,76-5957 Mamalahoa Highway,Holualoa,96725,808.322.4800,808.322.4801,Glenn Edward II Gray,K,5,Elementary,http://holualoahawks.org/wp/,Kealakehe,Honokaa-Kealakehe-Kohala-Konawaena,Hawaii,Hawaii,0
827647.9145,2153673.2474,Honaunau Elem School,45,359,Honaunau Elementary,83-5360 Mamalahoa Highway,Captain Cook,96704,808.328.2727,808.328.2729,Noreen Hatsuko Kunitomo,K,5,Elementary,http://honaunauelementaryschool.weebly.com,Konawaena,Honokaa-Kealakehe-Kohala-Konawaena,Hawaii,Hawaii,0
869726.2156,2223735.6002,Honokaa Elem School,46,361,Honokaa Elementary,45-534 Pakalana Street,Honokaa,96727,808.775.8820,808.775.8828,Rory John Souza,K,6,Elementary,http://www.honokaael.k12.hi.us/,Honokaa,Honokaa-Kealakehe-Kohala-Konawaena,Hawaii,Hawaii,0
870042.8083,2223915.4044,Honokaa High & Inter School,47,360,Honokaa High and Intermediate,45-527 Pakalana Street,Honokaa,96727,808.775.8800,808.775.8803,Rachelle Matsumura,7,12,Intermediate-High,http://www.honokaa.k12.hi.us/,Honokaa,Honokaa-Kealakehe-Kohala-Konawaena,Hawaii,Hawaii,0
600916.3165,2364982.6591,Honowai Elem School,48,276,Honowai Elementary,94-600 Honowai Street,Waipahu,96797,808.675.0165,808.675.0167,Kent R Matsumura,K,6,Elementary,http://honowai.org/,Waipahu,Pearl City-Waipahu,Leeward,Oahu,0
596348.2223,2358605.2451,Hookele Elem School,49,293,Hookele Elementary,511 Kunehi Street,Kapolei,96707,808.305.8500, ,Laureen Michiko Dunn,K,5,Elementary,http://hookele.hidoe.us/,Kapolei,Campbell-Kapolei,Leeward,Oahu,0
827947.5392,2146609.5003,Hookena Elem School,50,363,Hookena Elementary,86-4355 Mamalahoa Highway,Captain Cook,96704,808.328.2710,808.328.2712,Nancy Louise Jadallah,K,5,Elementary,http://www.hookena.k12.hi.us,Konawaena,Honokaa-Kealakehe-Kohala-Konawaena,Hawaii,Hawaii,0
759954.7205,2311439.3057,Iao Inter School,51,404,Iao Intermediate,260 South Market Street,Wailuku,96793,808.984.5610,808.984.5617,Matthew Joseph Ernest Dillon,6,8,Middle,http://iao.k12.hi.us/,Baldwin,Baldwin-Kekaulike-Maui,Maui,Maui,0
603615.5701,2378538.7711,Iliahi Elem School,52,210,Iliahi Elementary,2035 California Avenue,Wahiawa,96786,808.622.6411,808.622.6413,Garett Y Yukumoto,K,5,Elementary,http://www.iliahiel.k12.hi.us,Leilehua,Leilehua-Mililani-Waialua,Central,Oahu,0
602510.5578,2357301.6261,Ilima Inter School,53,279,Ilima Intermediate,91-884 Fort Weaver Road,Ewa Beach,96706,808.689.1250,808.689.1258,Christopher D Bonilla,7,8,Middle,http://ilimaintermediate.com/,Campbell,Campbell-Kapolei,Leeward,Oahu,0
597822.2922,2377706.2576,Inouye Elem School,54,207,Inouye Elementary,1 Ayres Avenue,Wahiawa,96786,808.305.3400,808.622.6382,Jan W A Iwase,K,5,Elementary,https://www.dkies.org,Leilehua,Leilehua-Mililani-Waialua,Central,Oahu,0
605628.9797,2357796.1838,Iroquois Point Elem School,55,256,Iroquois Point Elementary,5553 Cormorant Avenue,Ewa Beach,96706,808.499.6500,808.499.6508,Ofelia Acosta Reed,K,6,Elementary,http://iroquois.k12.hi.us/,Campbell,Campbell-Kapolei,Leeward,Oahu,0
624668.263,2355547.8226,Jarrett Middle School,56,110,Jarrett Middle,1903 Palolo Avenue,Honolulu,96816,808.733.4888,808.733.4894,Reid Masaichi Kuba,6,8,Middle,http://www.jmshi.org,Kaimuki,Kaimuki-McKinley-Roosevelt,Honolulu,Oahu,0
622486.2424,2352728.9244,Jefferson Elem School,57,111,Jefferson Elementary,324 Kapahulu Avenue,Honolulu,96815,808.971.6922,808.971.6933,Garret S Zakahi,K,5,Elementary,http://jeffersonsurfers.k12.hi.us/,Kaimuki,Kaimuki-McKinley-Roosevelt,Honolulu,Oahu,0
619442.1926,2383178.9997,Kaaawa Elem School,58,305,Kaaawa Elementary,51-296 Kamehameha Highway,Kaaawa,96730,808.237.7751,808.237.7755,Jennifer L Luke Payne,K,6,Elementary,http://kaaawa.k12.hi.us/,Kahuku,Castle-Kahuku,Windward,Oahu,0
619910.9532,2356104.74,Kaahumanu Elem School,59,112,Kaahumanu Elementary,1141 Kinau Street,Honolulu,96814,808.587.4414,808.587.4415,Cindy Chong Hye Yun-Kim,K,5,Elementary,http://www.qkes.us/,McKinley,Kaimuki-McKinley-Roosevelt,Honolulu,Oahu,0
599828.8838,2377052.8032,Kaala Elem School,60,211,Kaala Elementary,130 California Avenue,Wahiawa,96786,808.622.6366,808.622.6368,Samuel E Bennett,K,5,Elementary,http://www.kaala.k12.hi.us/,Leilehua,Leilehua-Mililani-Waialua,Central,Oahu,0
630518.8514,2364902.1407,Kaelepulu Elem School,61,330,Kaelepulu Elementary,530 Keolu Drive,Kailua,96734,808.266.7811,808.266.7813,Thomas Franklin Swan,K,6,Elementary,http://www.kaelepululadybugs.k12.hi.us/,Kailua,Kailua-Kalaheo,Windward,Oahu,0
617219.3676,2360805.019,Kaewai Elem School,62,113,Kaewai Elementary,1929 Kamehameha IV Road,Honolulu,96819,808.832.3500,808.832.3509,Bert Chris Carter,K,5,Elementary,http://www.kaewaielementary.com/,Farrington,Farrington-Kaiser-Kalani,Honolulu,Oahu,0
817084.4735,2171504.3822,Kahakai Elem School,63,371,Kahakai Elementary,76-147 Royal Poinciana Drive,Kailua-Kona,96740,808.313.6200,808.327.4333,James Alvin Denight,K,5,Elementary,http://kahakai.me/,Konawaena,Honokaa-Kealakehe-Kohala-Konawaena,Hawaii,Hawaii,0
626017.3032,2352945.5042,Kahala Elem School,64,114,Kahala Elementary,4559 Kilauea Avenue,Honolulu,96816,808.733.8455,808.733.4669,Christine Kinau Gardner,K,5,Elementary,http://kahalaelementary.org,Kalani,Farrington-Kaiser-Kalani,Honolulu,Oahu,0
619689.7183,2373255.9552,Kahaluu Elem School,65,306,Kahaluu Elementary,47-280 Waihee Road,Kaneohe,96744,808.239.3101,808.239.3102,Gary H Harada,K,6,Elementary,https://sites.google.com/a/kahaluu.k12.hi.us/kahaluu-elementary-school/home,Castle,Castle-Kahuku,Windward,Oahu,0
608451.6722,2397199.8956,Kahuku Elem School,66,331,Kahuku Elementary,56-170 Pualalea Street,Kahuku,96731,808.293.8980,808.293.8985,Samuel Koji Izumi,K,6,Elementary,http://www.kahukuelementary.com/,Kahuku,Castle-Kahuku,Windward,Oahu,0
608937.3692,2397355.0566,Kahuku High & Inter School,67,307,Kahuku High and Intermediate,56-490 Kamehameha Highway,Kahuku,96731,808.293.8950,808.293.8960,Donna Rea P Lindsey,7,12,Intermediate-High,http://www.kahukuhigh.org/,Kahuku,Castle-Kahuku,Windward,Oahu,0
763217.9592,2310825.6936,Kahului Elem School,68,405,Kahului Elementary,410 South Hina Avenue,Kahului,96732,808.873.3055,808.873.3089,Lisa Gaye McClintock,K,5,Elementary,http://kahuluischool.k12.hi.us/,Maui,Baldwin-Kekaulike-Maui,Maui,Maui,0
630437.1414,2366457.8465,Kailua Elem School,69,308,Kailua Elementary,315 Kuulei Road,Kailua,96734,808.266.7878,808.266.7882,James Salem Rippard,K,6,Elementary,http://kailuaonline.net,Kalaheo,Kailua-Kalaheo,Windward,Oahu,0
629704.0807,2365196.7301,Kailua High School,70,309,Kailua High,451 Ulumanu Drive,Kailua,96734,808.266.7900,808.266.7915,Francine W Honda,9,12,High,http://kailuahs.wix.com/kailuahigh,Kailua,Kailua-Kalaheo,Windward,Oahu,0
631029.8574,2366415.4086,Kailua Inter School,71,310,Kailua Intermediate,145 South Kainalu Drive,Kailua,96734,808.263.1500,808.266.7984,Lisa Anne Delong,7,8,Middle,http://kailuain.k12.hi.us/,Kalaheo,Kailua-Kalaheo,Windward,Oahu,0
602830.263,2357849.5053,Kaimiloa Elem School,72,281,Kaimiloa Elementary,91-1028 Kaunolu Street,Ewa Beach,96706,808.689.1280,808.689.1284,Debra L Hatada,K,6,Elementary,http://www.kaimiloa.k12.hi.us/,Campbell,Campbell-Kapolei,Leeward,Oahu,0
622835.4159,2354466.4061,Kaimuki High School,73,115,Kaimuki High,2705 Kaimuki Avenue,Honolulu,96816,808.733.4900,808.733.4929,Wade R Araki,9,12,High,http://www.kaimukihs.org/,Kaimuki,Kaimuki-McKinley-Roosevelt,Honolulu,Oahu,0
624744.0843,2352515.6514,Kaimuki Middle School,74,116,Kaimuki Middle,631 18th Avenue,Honolulu,96816,808.733.4800,808.733.4810,Frank K Fernandes,6,8,Middle,http://www.kaimukimiddle.org/,Kalani,Farrington-Kaiser-Kalani,Honolulu,Oahu,0
629766.2057,2368477.093,Kainalu Elem School,75,311,Kainalu Elementary,165 Kaiholu Street,Kailua,96734,808.266.7835,808.266.7837,Sheri L K Sunabe,K,6,Elementary,http://www.kainaluonline.net/,Kalaheo,Kailua-Kalaheo,Windward,Oahu,0
635103.3912,2354366.9415,Kaiser High School,76,154,Kaiser High,511 Lunalilo Home Road,Honolulu,96825,808.394.1200,808.394.1201,Justin Sung Nam Mew,9,12,High,http://www.kaiserhighschoolhawaii.org,Kaiser,Farrington-Kaiser-Kalani,Honolulu,Oahu,0
617509.8948,2358141.8746,Kaiulani Elem School,77,117,Kaiulani Elementary,783 North King Street,Honolulu,96817,808.832.3160,808.832.3164,Jill H Puletasi,K,5,Elementary,http://www.kaiulani.k12.hi.us/,McKinley,Kaimuki-McKinley-Roosevelt,Honolulu,Oahu,0
446093.5613,2424386.1583,Kalaheo Elem School,78,453,Kalaheo Elementary,4400 Maka Road,Kalaheo,96741,808.332.6801,808.332.6804,Erik Dennis Burkman,K,5,Elementary,http://www.kalaheoschool.com/,Waimea,Kapaa-Kauai-Waimea,Kauai,Kauai,0
628743.8812,2367809.3683,Kalaheo High School,79,312,Kalaheo High,730 Iliaina Street,Kailua,96734,808.254.7900,808.254.7907,Susan C W Hummel,9,12,High,http://www.kalaheohigh.org/,Kalaheo,Kailua-Kalaheo,Windward,Oahu,0
616469.8678,2359036.1681,Kalakaua Middle School,80,118,Kalakaua Middle,821 Kalihi Street,Honolulu,96819,808.832.3130,808.832.3140,Brian T Fukuda,6,8,Middle,http://www.kalakauamiddle.org/,Farrington,Farrington-Kaiser-Kalani,Honolulu,Oahu,0
778760.7116,2307824.2516,Kalama Inter School,81,420,Kalama Intermediate,120 Makani Road,Makawao,96768,808.573.8735,808.573.8748,Timothy A Shim,6,8,Middle,http://kalamaintermediate.com/,Kekaulike,Baldwin-Kekaulike-Maui,Maui,Maui,0
627210.9217,2353333.6146,Kalani High School,82,119,Kalani High,4680 Kalanianaole Highway,Honolulu,96821,808.377.7744,808.377.2483,Mitchell H Otani,9,12,High,http://www.kalanihighschool.org/,Kalani,Farrington-Kaiser-Kalani,Honolulu,Oahu,0
909296.1729,2192986.6934,Kalanianaole Elem & Inter,83,365,Kalanianaole Elementary and Intermediate,27-330 Old Mamalahoa Highway,Papaikou,96781,808.964.9700,808.964.9703,David Lawrence Dinkel,K,8,Elementary-Middle,http://kalanianaole.k12.hi.us,Hilo,Hilo-Waiakea,Hawaii,Hawaii,0
600840.6434,2365865.4439,Kaleiopuu Elem School,84,287,Kaleiopuu Elementary,94-665 Kaaholo Street,Waipahu,96797,808.675.0266,808.675.0269,Pat Y Anbe,K,6,Elementary,http://www.kaleiopuuel.com/,Waipahu,Pearl City-Waipahu,Leeward,Oahu,0
618147.0386,2361558.3549,Kalihi Elem School,85,120,Kalihi Elementary,2471 Kula Kolea Drive,Honolulu,96819,808.832.3177,808.832.3179,William George II Grindell,K,5,Elementary,http://kalihi.k12.hi.us/,Farrington,Farrington-Kaiser-Kalani,Honolulu,Oahu,0
616412.2536,2358656.0436,Kalihi-Kai Elem School,86,121,Kalihi Kai Elementary,626 McNeil Street,Honolulu,96817,808.832.3322,808.832.3327,Laura Akemi Vines,K,5,Elementary,http://kalihikai.org/,Farrington,Farrington-Kaiser-Kalani,Honolulu,Oahu,0
618001.292,2360824.3303,Kalihi-Uka Elem School,87,122,Kalihi Uka Elementary,2411 Kalihi Street,Honolulu,96819,808.305.6200,808.832.3313,Laura L Ahn,K,5,Elementary,http://www.kalihiuka.k12.hi.us/,Farrington,Farrington-Kaiser-Kalani,Honolulu,Oahu,0
616603.5012,2359706.105,Kalihi-Waena Elem School,88,123,Kalihi Waena Elementary,1240 Gulick Avenue,Honolulu,96819,808.832.3210,808.832.3213,Veronica Helen Victor,K,5,Elementary,http://www.kwes.k12.hi.us/,Farrington,Farrington-Kaiser-Kalani,Honolulu,Oahu,0
459985.6952,2429279.4022,Kamakahelei Middle School,89,448,Kamakahelei Middle,4431 Nuhou St.,Lihue,96766,808.241.3200,808.241.3210,Debra K Badua,6,8,Middle,http://www.ckms.k12.hi.us,Kauai,Kapaa-Kauai-Waimea,Kauai,Kauai,0
766708.7338,2293427.8765,Kamalii Elem School,90,431,Kamalii Elementary,180 Kealii Alanui,Kihei,96753,808.875.6840,808.875.6843,Cynthia Rothdeutsch,K,5,Elementary,https://kamaliischool.org/,Maui,Baldwin-Kekaulike-Maui,Maui,Maui,0
741694.6706,2309653.6641,Kamehameha III Elem School,91,406,Kamehameha III Elementary,611 Front Street,Lahaina,96761,808.662.3955,808.662.3958,Steven Dale Franz,K,5,Elementary,http://kingkam.k12.hi.us/,Lahainaluna,Hana-Lahainaluna-Lanai-Molokai,Maui,Maui,0
636298.2235,2355278.7755,Kamiloiki Elem School,92,155,Kamiloiki Elementary,7788 Hawaii Kai Drive,Honolulu,96825,808.397.5800,808.397.5806,Jason Kiyotaka Yoshimoto,K,5,Elementary,http://www.kamiloikielementary.org/,Kaiser,Farrington-Kaiser-Kalani,Honolulu,Oahu,0
624664.1467,2366419.0614,Kaneohe Elem School,93,313,Kaneohe Elementary,45-495 Kamehameha Highway,Kaneohe,96744,808.233.5633,808.233.9185,Derek Kiyoshi Minakami,K,6,Elementary,http://www.kaneohe.hidoe.us/,Castle,Castle-Kahuku,Windward,Oahu,0
603750.3755,2368500.6136,Kanoelani Elem School,94,283,Kanoelani Elementary,94-1091 Oli Loop,Waipahu,96797,808.675.0195,808.675.0135,Stacie S G Kunihisa,K,6,Elementary,http://www.kanoelani.k12.hi.us,Pearl City,Pearl City-Waipahu,Leeward,Oahu,0
467620.794,2442713.3637,Kapaa Elem School,95,454,Kapaa Elementary,4886 Kawaihau Road,Kapaa,96746,808.821.4424,808.821.4431,Jason W Kuloloia,K,5,Elementary,http://www.kapaaes.k12.hi.us/,Kapaa,Kapaa-Kauai-Waimea,Kauai,Kauai,0
467705.213,2443028.4949,Kapaa High School,96,455,Kapaa High,4695 Mailihuna Road,Kapaa,96746,808.821.4400,808.821.4420,Daniel S Hamada,9,12,High,http://kapaahighschool.net/,Kapaa,Kapaa-Kauai-Waimea,Kauai,Kauai,0
466190.0009,2441645.0667,Kapaa Middle School,97,447,Kapaa Middle,4867 Olohena Road,Kapaa,96746,808.821.4460,808.821.6967,Nathan Earl Aiwohi,6,8,Middle,http://www.kapaamiddleschool.org/,Kapaa,Kapaa-Kauai-Waimea,Kauai,Kauai,0
617305.1246,2359670.1012,Kapalama Elem School,98,124,Kapalama Elementary,1601 North School Street,Honolulu,96817,808.832.3290,808.832.3302,Patricia M Dang,K,5,Elementary,https://sites.google.com/site/kapalamaweb1,Farrington,Farrington-Kaiser-Kalani,Honolulu,Oahu,0
911298.1813,2184575.9068,Kapiolani Elem School,99,367,Kapiolani Elementary,966 Kilauea Avenue,Hilo,96720,808.974.4160,808.974.4161,Gregg K Yonemori,K,6,Elementary,http://cks.k12.hi.us/,Hilo,Hilo-Waiakea,Hawaii,Hawaii,0
597031.9157,2359448.8518,Kapolei Elem School,100,282,Kapolei Elementary,91-1119 Kamaaha Loop,Kapolei,96707,808.693.7000,808.693.7011,Cindy S Otsu,K,5,Elementary,http://www.kapoleielementary.org/,Kapolei,Campbell-Kapolei,Leeward,Oahu,0
596621.7902,2358756.6015,Kapolei High School,101,292,Kapolei High,91-5007 Kapolei Parkway,Kapolei,96707,808.692.8200,808.692.8255,Elden M Esmeralda,9,12,High,http://www.kapoleihigh.org/,Kapolei,Campbell-Kapolei,Leeward,Oahu,0
597751.0426,2359224.7601,Kapolei Middle School,102,291,Kapolei Middle,91-5335 Kapolei Parkway,Kapolei,96707,808.693.7025,808.693.7030,Bruce Isamu Naguwa,6,8,Middle,http://www.kapoleims.k12.hi.us/,Kapolei,Campbell-Kapolei,Leeward,Oahu,0
624002.4356,2367862.9829,Kapunahala Elem School,103,315,Kapunahala Elementary,45-828 Anoi Road,Kaneohe,96744,808.233.5650,808.233.5651,Deborah S H Nekomoto,K,6,Elementary,http://www.kapunahala.k12.hi.us/,Castle,Castle-Kahuku,Windward,Oahu,0
870504.698,2126981.9019,Kau High & Pahala Elem School,104,368,Kau High and Pahala Elementary,96-3150 Pikake Street,Pahala,96777,808.313.4100,808.928.2092,Sharon Ann Beck,K,12,Elementary-Middle-High,http://kau.k12.hi.us/,Kau,Kau-Keaau-Pahoa,Hawaii,Hawaii,0
462979.2068,2428405.4343,Kauai High School,105,456,Kauai High,3577 Lala Road,Lihue,96766,808.274.3160,808.274.3170,Anne Clarke Kane,9,12,High,http://www.kauaihigh.org/,Kauai,Kapaa-Kauai-Waimea,Kauai,Kauai,0
618385.2248,2357818.151,Kauluwela Elem School,106,125,Kauluwela Elementary,1486 Aala Street,Honolulu,96817,808.587.4447,808.587.4453,Christopher J Daly,K,5,Elementary,http://kauluwela.k12.hi.us/HOME.NSF,McKinley,Kaimuki-McKinley-Roosevelt,Honolulu,Oahu,0
905378.826,2181353.9326,Kaumana Elem School,107,369,Kaumana Elementary,1710 Kaumana Drive,Hilo,96720,808.974.4190,808.974.4197,Ray Koji Mizuba,K,6,Elementary,https://sites.google.com/a/kaumana.k12.hi.us/kaumanaelementary/,Hilo,Hilo-Waiakea,Hawaii,Hawaii,0
463749.6568,2432302.0111,Kaumualii Elem School,108,457,Kaumualii Elementary,4380 Hanamaulu Road,Lihue,96766,808.241.3150,808.241.3159,Jason Yoshito Yoshida,K,5,Elementary,http://www.kaumualii.k12.hi.us/king.html,Kauai,Kapaa-Kauai-Waimea,Kauai,Kauai,0
705859.7399,2333238.4196,Kaunakakai Elem School,109,407,Kaunakakai Elementary,30 Ailoa,Kaunakakai,96748,808.553.1730,808.553.1737,Janice S Espiritu,K,6,Elementary,http://kaunakakaischool.net,Molokai,Hana-Lahainaluna-Lanai-Molokai,Maui,Molokai,0
619155.0408,2357909.6754,Kawananakoa Middle School,110,126,Kawananakoa Middle,49 Funchal Street,Honolulu,96813,808.307.0300,808.587.4443,Ann A Sugibayashi,6,8,Middle,http://www.kawananakoams.org/,Roosevelt,Kaimuki-McKinley-Roosevelt,Honolulu,Oahu,0
823589.2499,2160057.6261,Ke Kula O Ehunuikaimalino,111,378,Ke Kula O Ehunuikaimalino,81-1041 Konawaena School Road,Kealakekua,96750,808.323.1900,808.323.4538,Ann H Paulino,K,12,Elementary-Middle-High,http://ehunui.org/,Konawaena,Honokaa-Kealakehe-Kohala-Konawaena,Hawaii,Hawaii,0
916075.7595,2173514.8075,Keaau Elem School,112,353,Keaau Elementary,16-680 Keaau-Pahoa Road,Keaau,96749,808.982.4210,808.982.4217,Ronald A Jarvis,K,5,Elementary,http://www.keaau.k12.hi.us/,Keaau,Kau-Keaau-Pahoa,Hawaii,Hawaii,0
916383.7417,2173256.4556,Keaau High School,113,354,Keaau High,16-725 Keaau-Pahoa Road,Keaau,96749,808.313.3300,808.982.4224,Dean Macario Cevallos,9,12,High,http://keaauhs.k12.hi.us/,Keaau,Kau-Keaau-Pahoa,Hawaii,Hawaii,0
915631.8975,2174412.0978,Keaau Middle School,114,370,Keaau Middle,16-565  Keaau-Pahoa Road,Keaau,96749,808.982.4200,808.982.4219,Elna M Gomes,6,8,Middle,http://www.keaaumiddle.org/,Keaau,Kau-Keaau-Pahoa,Hawaii,Hawaii,0
816451.9175,2177656.5534,Kealakehe Elem School,115,388,Kealakehe Elementary,74-5118 Kealakaa Street,Kailua-Kona,96740,808.327.4308,808.327.4347,Nancy N Matsukawa,K,5,Elementary,http://kealakehe.k12.hi.us/,Kealakehe,Honokaa-Kealakehe-Kohala-Konawaena,Hawaii,Hawaii,0
814756.8323,2177822.8851,Kealakehe High School,116,392,Kealakehe High,74-5000 Puohulihuli Street,Kailua-Kona,96740,808.327.4300,808.327.4307,Wilfred F Murakami,9,12,High,http://www.khswaveriders.org/,Kealakehe,Honokaa-Kealakehe-Kohala-Konawaena,Hawaii,Hawaii,0
816172.7916,2177863.6163,Kealakehe Inter School,117,390,Kealakehe Intermediate,74-5062 Onipaa Street,Kailua-Kona,96740,808.327.4314,808.327.4315,Mark D Hackelberg,6,8,Middle,http://www.kishawks.org/,Kealakehe,Honokaa-Kealakehe-Kohala-Konawaena,Hawaii,Hawaii,0
914646.5106,2186308.8849,Keaukaha Elem School,118,372,Keaukaha Elementary,240 Desha Avenue,Hilo,96720,808.974.4181,808.974.4868,Stacey Lee M Bello,K,6,Elementary,http://www.keaukahaelementary.com/,Hilo,Hilo-Waiakea,Hawaii,Hawaii,0
426212.078,2429835.4966,Kekaha Elem School,119,458,Kekaha Elementary,8140 Kekaha Road,Kekaha,96752,808.337.7655,808.337.7657,Marilyn M Asahi,K,5,Elementary,http://www.kekaha.k12.hi.us/,Waimea,Kapaa-Kauai-Waimea,Kauai,Kauai,0
777866.1859,2305374.7374,Kekaulike High School,120,435,Kekaulike High,121 Kula Highway,Pukalani,96768,808.573.8710,808.573.2231,Mark Alan Elliott,9,12,High,http://kekaulikehs.k12.hi.us/,Kekaulike,Baldwin-Kekaulike-Maui,Maui,Maui,0
631109.0323,2363722.7704,Keolu Elem School,121,317,Keolu Elementary,1416 Keolu Drive,Kailua,96734,808.266.7818,808.266.7892,Gay Marie Kong,K,6,Elementary,http://www.keoluelementary.com/,Kailua,Kailua-Kalaheo,Windward,Oahu,0
927612.8806,2164225.2074,Keonepoko Elem School,122,391,Keonepoko Elementary,15-890 Kahakai Boulevard,Pahoa,96778,808.965.2131,808.965.2138,Brandon Curtis Gallagher,K,6,Elementary,https://www.facebook.com/Keonepoko-Elementary-563497480444911/,Pahoa,Kau-Keaau-Pahoa,Hawaii,Hawaii,0
601613.3936,2358173.3179,Keoneula Elem School,123,294,Keoneula Elementary,91-970 Kaileolea Drive,Ewa Beach,96706,808.530.7253,808.689.1350,Paul S Taga,K,6,Elementary,http://keoneula.k12.hi.us/,Campbell,Campbell-Kapolei,Leeward,Oahu,0
765861.5299,2296427.4416,Kihei Elem School,124,409,Kihei Elementary,250 E. Lipoa Street,Kihei,96753,808.875.6818,808.875.6825,Lisa Gaye McClintock,K,5,Elementary,http://www.kiheielementary.org/,Maui,Baldwin-Kekaulike-Maui,Maui,Maui,0
457798.2485,2455588.2585,Kilauea Elem School,125,459,Kilauea Elementary,2440 Kolo Road,Kilauea,96754,808.828.1212,808.828.2034,Sherry Lynn Scott Gonsalves,K,6,Elementary,http://kilaueaschool.com/,Kapaa,Kapaa-Kauai-Waimea,Kauai,Kauai,0
724956.8428,2330315.0656,Kilohana Elem School,126,410,Kilohana Elementary,Kamehameha V Highway,Kaunakakai,96748,808.558.2200,808.558.2203,Marilyn P Simms,K,6,Elementary, ,Molokai,Hana-Lahainaluna-Lanai-Molokai,Maui,Molokai,0
623697.3143,2369735.6642,King Inter School,127,318,King Intermediate,46-155 Kamehameha Highway,Kaneohe,96744,808.233.5727,808.233.5747,Wendy Joy Namie Matsuzaki,7,8,Middle,http://www.king.k12.hi.us/,Castle,Castle-Kahuku,Windward,Oahu,0
602220.8292,2373582.8848,Kipapa Elem School,128,212,Kipapa Elementary,95-076 Kipapa Drive,Mililani,96789,808.305.3900,808.627.7326,Corinne Naomi Yogi,K,5,Elementary,http://www.kipapaelementary.org/,Mililani,Leilehua-Mililani-Waialua,Central,Oahu,0
832387.0885,2240905.5082,Kohala Elem School,129,395,Kohala Elementary,54-3609 Akoni Pule Highway,Kapaau,96755,808.889.7100,808.889.7103,Danny Paul Garcia,K,5,Elementary,http://www.kohalael.k12.hi.us/home.nsf,Kohala,Honokaa-Kealakehe-Kohala-Konawaena,Hawaii,Hawaii,0
832347.9814,2241220.3186,Kohala High School,130,373,Kohala High,54-3611 Akoni Pule Highway,Kapaau,96755,808.889.7117,808.889.7120,Janette F L Snelling,9,12,High,http://www.kohalahs.org/,Kohala,Honokaa-Kealakehe-Kohala-Konawaena,Hawaii,Hawaii,0
836642.021,2239860.5505,Kohala Middle School,131,366,Kohala Middle,53-4155 Akoni Pule Highway,Kapaau,96755,808.889.7119,808.889.7121,Alan G Brown,6,8,Middle,http://www.kohalams.org/,Kohala,Honokaa-Kealakehe-Kohala-Konawaena,Hawaii,Hawaii,0
634375.7625,2353217.0257,Koko Head Elem School,132,127,Koko Head Elementary,189 Lunalilo Home Road,Honolulu,96825,808.397.5811,808.397.5816,Jeffrey Takeshi Shitaoka,K,5,Elementary,http://kokoheadschool.org/,Kaiser,Farrington-Kaiser-Kalani,Honolulu,Oahu,0
451846.8258,2421718.8584,Koloa Elem School,133,460,Koloa Elementary,3223 Poipu Road,Koloa,96756,808.742.8460,808.742.8466,Linda Kay Uyehara,K,5,Elementary,http://koloa.k12.hi.us/,Kauai,Kapaa-Kauai-Waimea,Kauai,Kauai,0
822969.8158,2159585.4598,Konawaena Elem School,134,375,Konawaena Elementary,81-901 Onouli Road,Kealakekua,96750,808.323.4555,808.323.4551,Claire L Yoshida,K,5,Elementary,http://konawaenael.k12.hi.us,Konawaena,Honokaa-Kealakehe-Kohala-Konawaena,Hawaii,Hawaii,0
823765.7325,2160098.8326,Konawaena High School,135,374,Konawaena High,81-1043 Konawaena School Road,Kealakekua,96750,808.323.4500,808.323.4515,Shawn S Suzuki,9,12,High,http://www.konawaenahs.org/,Konawaena,Honokaa-Kealakehe-Kohala-Konawaena,Hawaii,Hawaii,0
823938.1223,2160386.6056,Konawaena Middle School,136,376,Konawaena Middle,81-1045 Konawaena School Road,Kealakekua,96750,808.323.4566,808.323.4574,Teddy Lee Burgess,6,8,Middle,http://konawaenamiddle.k12.hi.us/,Konawaena,Honokaa-Kealakehe-Kohala-Konawaena,Hawaii,Hawaii,0
622481.0414,2354733.6703,Kuhio Elem School,137,128,Kuhio Elementary,2759 South King Street,Honolulu,96826,808.973.0085,808.973.0088,Lynn M Kobayashi,K,5,Elementary,http://www.kuhioschool.k12.hi.us,Kaimuki,Kaimuki-McKinley-Roosevelt,Honolulu,Oahu,0
778130.7714,2298020.3485,Kula Elem School,138,412,Kula Elementary,5000 Kula Highway,Kula,96790,808.876.7610,808.876.7616,Hans Christopher Bachaus,K,5,Elementary,http://kulaschool.weebly.com/,Kekaulike,Baldwin-Kekaulike-Maui,Maui,Maui,0
743304.7318,2311254.5409,Lahaina Inter School,139,413,Lahaina Intermediate,871 Lahainaluna Road,Lahaina,96761,808.662.3965,808.662.3968,Stacy Anne Bookland,6,8,Middle,http://lis.schoolwires.net/,Lahainaluna,Hana-Lahainaluna-Lanai-Molokai,Maui,Maui,0
743431.4544,2311655.4948,Lahainaluna High School,140,414,Lahainaluna High,980 Lahainaluna Road,Lahaina,96761,808.662.4000,808.662.3997,Daniel V Espaniola,9,12,High,http://www.lahainalunahs.org/,Lahainaluna,Hana-Lahainaluna-Lanai-Molokai,Maui,Maui,0
611298.6476,2394301.2197,Laie Elem School,141,319,Laie Elementary,55-109 Kulanui Street,Laie,96762,808.293.8965,808.293.8968,Eliza Leialoha Kaka,K,6,Elementary,https://sites.google.com/a/laie.k12.hi.us/laie-elementary/,Kahuku,Castle-Kahuku,Windward,Oahu,0
716260.3083,2304336.3228,Lanai High & Elem School,142,415,Lanai High and Elementary,555 Fraser Avenue,Lanai City,96763,808.565.7900,808.565.7904,Elton N Kinoshita,K,12,Elementary-Middle-High,http://www.edline.net/pages/lhes,Lanai,Hana-Lahainaluna-Lanai-Molokai,Maui,Lanai,0
618250.0678,2358769.3651,Lanakila Elem School,143,129,Lanakila Elementary,717 North Kuakini Street,Honolulu,96817,808.587.4466,808.587.4468,Katherine B Balatico,K,5,Elementary,http://lanakilaelem.k12.hi.us/,McKinley,Kaimuki-McKinley-Roosevelt,Honolulu,Oahu,0
606545.4459,2365575.4862,Lehua Elem School,144,268,Lehua Elementary,791 Lehua Avenue,Pearl City,96782,808.453.6490,808.453.6497,Aaron S Tominaga,K,6,Elementary,http://lehua.k12.hi.us,Pearl City,Pearl City-Waipahu,Leeward,Oahu,0
585491.7189,2370972.5644,Leihoku Elem School,145,271,Leihoku Elementary,86-285 Leihoku Street,Waianae,96792,808.697.7100,808.697.7142,Randall A K Miura,K,6,Elementary,http://les.nwcomplex.org/,Waianae,Nanakuli-Waianae,Leeward,Oahu,0
602309.5346,2378064.1856,Leilehua High School,146,214,Leilehua High,1515 California Avenue,Wahiawa,96786,808.305.3000,808.622.6554,Jason H Nakamoto,9,12,High,http://www.leilehua.k12.hi.us/,Leilehua,Leilehua-Mililani-Waialua,Central,Oahu,0
761631.6044,2310937.5782,Lihikai Elem School,147,416,Lihikai Elementary,335 South Papa Avenue,Kahului,96732,808.873.3033,808.873.3570,Shannon S M Cabanilla,K,5,Elementary,https://sites.google.com/site/lihikaielementaryschool/,Maui,Baldwin-Kekaulike-Maui,Maui,Maui,0
623815.4601,2353433.9753,Liholiho Elem School,148,130,Liholiho Elementary,3430 Maunaloa Avenue,Honolulu,96816,808.733.4850,808.733.4856,Christina W Small,K,5,Elementary,http://liholiho.org/,Kalani,Farrington-Kaiser-Kalani,Honolulu,Oahu,0
617868.6175,2358473.3386,Likelike Elem School,149,131,Likelike Elementary,1618 Palama Street,Honolulu,96817,808.832.3370,808.832.3374,Kelly T Bart,K,5,Elementary,https://sites.google.com/a/likelike.k12.hi.us/likelike-elementary-school/,McKinley,Kaimuki-McKinley-Roosevelt,Honolulu,Oahu,0
616365.7754,2360055.0932,Linapuni Elem School,150,133,Linapuni Elementary,1434 Linapuni Street,Honolulu,96819,808.305.2150,808.832.3305,Cynthia M Sunahara,PreK,1,Elementary,http://www.linapuniel.k12.hi.us,Farrington,Farrington-Kaiser-Kalani,Honolulu,Oahu,0
620354.5146,2357129.5253,Lincoln Elem School,151,134,Lincoln Elementary,615 Auwaiolimu Street,Honolulu,96813,808.587.4480,808.587.4487,Jacqueline Lehua Ornellas,K,5,Elementary,http://les.lincoln.k12.hi.us/,Roosevelt,Kaimuki-McKinley-Roosevelt,Honolulu,Oahu,0
765935.7446,2296048.3937,Lokelani Inter School,152,430,Lokelani Intermediate,1401 Liloa Drive,Kihei,96753,808.875.6800,808.875.6835,Francoise D M Wittenburg,6,8,Middle,http://www.lokelani.k12.hi.us/,Maui,Baldwin-Kekaulike-Maui,Maui,Maui,0
621128.9589,2355001.9128,Lunalilo Elem School,153,135,Lunalilo Elementary,810 Pumehana Street,Honolulu,96826,808.973.0270,808.973.0276,Amy B Kantrowitz,K,5,Elementary,http://www.lunalilo.k12.hi.us/,Kaimuki,Kaimuki-McKinley-Roosevelt,Honolulu,Oahu,0
619557.6385,2358982.3538,Maemae Elem School,154,136,Maemae Elementary,319 Wyllie Street,Honolulu,96817,808.595.5400,808.595.5405,Lenn Shigeru Uyeda,K,6,Elementary,http://www.maemaeschool.com/,Roosevelt,Kaimuki-McKinley-Roosevelt,Honolulu,Oahu,0
585595.4972,2368835.6259,Maili Elem School,155,257,Maili Elementary,87-360 Kulaaupuni Street,Waianae,96792,808.697.7150,808.697.7151,Suzie Lee,K,6,Elementary,http://maili.nwcomplex.org/,Waianae,Nanakuli-Waianae,Leeward,Oahu,0
581598.5937,2374290.8934,Makaha Elem School,156,258,Makaha Elementary,84-200 Ala Naauao Place,Waianae,96792,808.695.7900,808.695.7905,Wade Araki,K,6,Elementary,http://makaha.nwcomplex.org/,Waianae,Nanakuli-Waianae,Leeward,Oahu,0
594954.6765,2360619.4789,Makakilo Elem School,157,259,Makakilo Elementary,92-675 Anipeahi Street,Kapolei,96707,808.672.1122,808.672.1128,Todd Y Fujimori,K,5,Elementary,http://www.makakiloelementary.k12.hi.us/,Kapolei,Campbell-Kapolei,Leeward,Oahu,0
611167.772,2362549.615,Makalapa Elem School,158,215,Makalapa Elementary,4435 Salt Lake Blvd.,Honolulu,96818,808.421.4110,808.421.4112,Denise K B Arai,K,6,Elementary,http://www.makalapael.org/,Radford,Aiea Moanalua-Radford,Central,Oahu,0
779619.454,2308700.4101,Makawao Elem School,159,417,Makawao Elementary,3542 Baldwin Avenue,Makawao,96768,808.573.8770,808.573.8774,Robyn Ai Honda,K,5,Elementary,http://www.makawao.k12.hi.us/,Kekaulike,Baldwin-Kekaulike-Maui,Maui,Maui,0
606529.678,2367670.5352,Manana Elem School,160,260,Manana Elementary,1147 Kumano Street,Pearl City,96782,808.453.6430,808.453.6437,Bryan K Loo,K,6,Elementary,http://www.manana.k12.hi.us/Home.html,Pearl City,Pearl City-Waipahu,Leeward,Oahu,0
623521.9183,2357715.0139,Manoa Elem School,161,137,Manoa Elementary,3155 Manoa Road,Honolulu,96822,808.988.1868,808.988.1860,Kerry Takayuki Higa,K,5,Elementary,http://www.manoaschool.com/,Roosevelt,Kaimuki-McKinley-Roosevelt,Honolulu,Oahu,0
763090.3637,2310266.3867,Maui High School,162,418,Maui High,660 South Lono Avenue,Kahului,96732,808.727.4000,808.873.3010,Francoise D M Wittenburg,9,12,High,http://www.mauihigh.org,Maui,Baldwin-Kekaulike-Maui,Maui,Maui,0
761620.2491,2310305.8426,Maui Waena Inter School,163,428,Maui Waena Intermediate,795 Onehee Street,Kahului,96732,808.873.3070,808.873.3066,Jacquelyn Royanne McCandless,6,8,Middle,http://www.mauiwaena.com,Maui,Baldwin-Kekaulike-Maui,Maui,Maui,0
595096.6882,2362047.2533,Mauka Lani Elem School,164,286,Mauka Lani Elementary,92-1300 Panana Street,Kapolei,96707,808.672.1100,808.672.1114,Wesley Hiromi Shinkawa,K,5,Elementary,http://maukalanielementary.weebly.com/,Kapolei,Campbell-Kapolei,Leeward,Oahu,0
686111.2024,2337589.2564,Maunaloa Elem School,165,419,Maunaloa Elementary,Maunaloa Highway,Maunaloa,96770,808.552.2000,808.552.2004,Joe S Jr Yamamoto,K,6,Elementary,http://maunaloaschool.weebly.com,Molokai,Hana-Lahainaluna-Lanai-Molokai,Maui,Molokai,0
629267.3225,2364399.0107,Maunawili Elem School,166,321,Maunawili Elementary,1465 Ulupii Street,Kailua,96734,808.266.7822,808.266.7834,Christine Marie Udarbe,K,6,Elementary,http://mes.k12.hi.us/MES/Home/Home.html,Kailua,Kailua-Kalaheo,Windward,Oahu,0
619537.0167,2355900.468,McKinley High School,167,138,McKinley High,1039 South King Street,Honolulu,96814,808.594.0400,808.594.0407,Ron M Okamura,9,12,High,http://www.mckinley.k12.hi.us/,McKinley,Kaimuki-McKinley-Roosevelt,Honolulu,Oahu,0
602770.7781,2372633.4481,Mililani High School,168,216,Mililani High,95-1200 Meheula Parkway,Mililani,96789,808.307.4200,808.627.7375,Frederick W Murphy,9,12,High,http://www.mililanihs.org/,Mililani,Leilehua-Mililani-Waialua,Central,Oahu,0
605165.6336,2375595.8709,Mililani Ike Elem School,169,240,Mililani Ike Elementary,95-1330 Lehiwa Drive,Mililani,96789,808.626.2980,808.626.2958,Lynne Shigeko Ajifu,K,5,Elementary,http://www.milike.k12.hi.us,Mililani,Leilehua-Mililani-Waialua,Central,Oahu,0
603525.0971,2374671.3329,Mililani Mauka Elem School,170,241,Mililani Mauka Elementary,95-1111 Makaikai Street,Mililani,96789,808.305.1700,808.626.3006,Avis Y Nanbu,K,5,Elementary,http://www.milmauka.k12.hi.us,Mililani,Leilehua-Mililani-Waialua,Central,Oahu,0
604626.8574,2375007.2771,Mililani Middle School,171,238,Mililani Middle,95-1140 Lehiwa Drive,Mililani,96789,808.626.7355,808.626.7358,Shannon Lee Tamashiro,6,8,Middle,http://www.milmdl.k12.hi.us/,Mililani,Leilehua-Mililani-Waialua,Central,Oahu,0
602025.3982,2370928.923,Mililani Uka Elem School,172,242,Mililani Uka Elementary,94-380 Kuahelani Avenue,Mililani,96789,808.305.4900,808.627.7387,Heather G Wilhelm,K,5,Elementary,http://www.mililaniuka.org/,Mililani,Leilehua-Mililani-Waialua,Central,Oahu,0
602599.4397,2372912.0776,Mililani Waena Elem School,173,234,Mililani Waena Elementary,95-502 Kipapa Drive,Mililani,96789,808.627.7300,808.627.7455,Barron T Iwamura,K,5,Elementary,https://www.mililaniwaena.org,Mililani,Leilehua-Mililani-Waialua,Central,Oahu,0
614962.9531,2361223.2575,Moanalua Elem School,174,217,Moanalua Elementary,1337 Mahiole Street,Honolulu,96819,808.305.1200,808.831.7877,Lynda H J K Sadaoka,K,6,Elementary,http://www.moanaluaelementary.org,Moanalua,Aiea Moanalua-Radford,Central,Oahu,0
613962.0814,2360760.6153,Moanalua High School,175,218,Moanalua High,2825 Ala Ilima Street,Honolulu,96818,808.305.1000,808.831.7919,Robin Jean Martin,9,12,High,http://www.moanaluahs.org/,Moanalua,Aiea Moanalua-Radford,Central,Oahu,0
614865.3533,2361282.8236,Moanalua Middle School,176,219,Moanalua Middle,1289 Mahiole Street,Honolulu,96819,808.305.1289,808.831.7859,Wayne Cepeda Guevara,7,8,Middle,http://www.moanaluamiddle.org/,Moanalua,Aiea Moanalua-Radford,Central,Oahu,0
629580.0312,2371881.8434,Mokapu Elem School,177,322,Mokapu Elementary,1193 Mokapu Blvd.   KMCB Bldg.,Kailua,96734,808.254.7964,808.254.7969,Charles  IV Fradley,K,6,Elementary,http://mokapu.k12.hi.us/,Kalaheo,Kailua-Kalaheo,Windward,Oahu,0
609811.5635,2360402.1175,Mokulele Elem School,178,220,Mokulele Elementary,250 Aupaka Street,Honolulu,96818,808.421.4180,808.421.4182,Peter Tovey,K,6,Elementary,http://mokulele.k12.hi.us/,Radford,Aiea Moanalua-Radford,Central,Oahu,0
702714.615,2341341.6096,Molokai High School,179,421,Molokai High,2140 Farrington Avenue,Hoolehua,96729,808.567.6950,808.567.6960,Stanford J Hao,9,12,High,http://molokaihighschool.weebly.com/,Molokai,Hana-Lahainaluna-Lanai-Molokai,Maui,Molokai,0
702691.9029,2341643.8833,Molokai Middle School,180,434,Molokai Middle,2175 Lihipali Avenue,Hoolehua,96729,808.567.6940,808.567.6939,Dawn Dyer Mains,7,8,Middle,http://www.molokaimiddleschool.com,Molokai,Hana-Lahainaluna-Lanai-Molokai,Maui,Molokai,0
608252.9398,2368301.2822,Momilani Elem School,181,285,Momilani Elementary,2130 Hookiekie Street,Pearl City,96782,808.453.6444,808.453.6448,Doreen Y Higa,K,6,Elementary,http://www.momilani.k12.hi.us/,Pearl City,Pearl City-Waipahu,Leeward,Oahu,0
908995.4843,2166855.242,Mountain View Elem School,182,379,Mountain View Elementary,18-1235 Volcano Highway,Mountain View,96771,808.313.3200,808.968.2305,Wilma Tabios Roddy,K,5,Elementary,http://www.mveshawks.k12.hi.us/,Keaau,Kau-Keaau-Pahoa,Hawaii,Hawaii,0
859998.4379,2111212.5887,Naalehu Elem School,183,380,Naalehu Elementary,95-5545 Mamalahoa Highway,Naalehu,96772,808.939.2413,808.939.2419,Darlene M Javar,K,6,Elementary, ,Kau,Kau-Keaau-Pahoa,Hawaii,Hawaii,0
742946.9937,2311536.546,Nahienaena Elem School,184,429,Nahienaena Elementary,816 Niheu Street,Lahaina,96761,808.662.4020,808.662.4023,Lynn H Kahoohalahala,K,5,Elementary,https://sites.google.com/a/lahaina.k12.hi.us/princess-nahienaena-elementary/,Lahainaluna,Hana-Lahainaluna-Lanai-Molokai,Maui,Maui,0
588925.6886,2364893.1048,Nanaikapono Elem School,185,261,Nanaikapono Elementary,89-153 Mano Avenue,Waianae,96792,808.668.5800,808.668.5890,Christine Udarbe,K,6,Elementary,http://npono.nwcomplex.org/,Nanakuli,Nanakuli-Waianae,Leeward,Oahu,0
589499.0781,2365256.7479,Nanakuli Elem School,186,262,Nanakuli Elementary,89-778 Haleakala Avenue,Waianae,96792,808.668.5813,808.668.5817,Lisa Ann Leiko Higa,K,6,Elementary,http://nes.nwcomplex.org/,Nanakuli,Nanakuli-Waianae,Leeward,Oahu,0
590079.9479,2365175.2168,Nanakuli High & Inter School,187,263,Nanakuli High and Intermediate,89-980 Nanakuli Avenue,Waianae,96792,808.668.5823,808.668.5828,Darin K Pilialoha,7,12,Intermediate-High,http://nhis.nwcomplex.org/,Nanakuli,Nanakuli-Waianae,Leeward,Oahu,0
430954.6341,2428253.7292,Niihau High & Elem School,188,461,Niihau High and Elementary,c/o Waimea High School  9707 Tsuchiya Road,Waimea,96796,808.338.6800,808.338.6807,Mahina Leigh Anguay,K,12,Elementary-Middle-High, ,Waimea,Kapaa-Kauai-Waimea,Kauai,Niihau,0
610331.8297,2360219.7615,Nimitz Elem School,189,221,Nimitz Elementary,520 Main Street,Honolulu,96818,808.307.4400,808.421.4170,Marcy Ann Kagami,K,6,Elementary,http://www.nimitzelementary.com/,Radford,Aiea Moanalua-Radford,Central,Oahu,0
630805.1495,2354262.0978,Niu Valley Middle School,190,139,Niu Valley Middle,310 Halemaumau Street,Honolulu,96821,808.377.2440,808.377.2444,Sean S Tajima,6,8,Middle,http://www.niuvalleymiddle.org/,Kaiser,Farrington-Kaiser-Kalani,Honolulu,Oahu,0
623260.8117,2356539.1688,Noelani Elem School,191,140,Noelani Elementary,2655 Woodlawn Drive,Honolulu,96822,808.988.1858,808.988.1855,Rochelle Ann Mahoe,K,5,Elementary,http://www.nes.k12.hi.us/,Roosevelt,Kaimuki-McKinley-Roosevelt,Honolulu,Oahu,0
620718.3353,2359779.4897,Nuuanu Elem School,192,141,Nuuanu Elementary,3055 Puiwa Lane,Honolulu,96817,808.595.5422,808.595.4687,James Akira Toyooka,K,5,Elementary,http://www.nuuanu.k12.hi.us/,Roosevelt,Kaimuki-McKinley-Roosevelt,Honolulu,Oahu,0
629728.9939,2363856.8213,Olomana School,193,475,Olomana School,42-522 Kalanianaole Highway,Kailua,96734,808.266.7866,808.266.7873,Thomas Franklin Swan,7,12,Intermediate,https://sites.google.com/a/olomanaschoolhi.k12.hi.us/olomanaschool/,Kailua,Kailua-Kalaheo,Windward,Oahu,0
879474.2671,2220063.5619,Paauilo Elem & Inter School,194,382,Paauilo Elementary and Intermediate,43-1497 Old Main Road,Paauilo,96776,808.776.7710,808.776.7714,Michelle Wendy Miranda Barber,K,9,Elementary-Middle,http://www.paauiloschool.org/,Honokaa,Honokaa-Kealakehe-Kohala-Konawaena,Hawaii,Hawaii,0
925955.6777,2160308.2046,Pahoa Elem School,195,381,Pahoa Elementary,15-3030 Pahoa Village Road,Pahoa,96778,808.965.2141,808.965.2180,Michelle Payne-Arakaki,K,6,Elementary, ,Pahoa,Kau-Keaau-Pahoa,Hawaii,Hawaii,0
926133.3423,2160180.428,Pahoa High & Inter School,196,383,Pahoa High and Intermediate,15-3038 Puna Road,Pahoa,96778,808.965.2150,808.965.2153,Darlene Bee,7,12,Intermediate-High,http://pahoahis.org/,Pahoa,Kau-Keaau-Pahoa,Hawaii,Hawaii,0
774313.9398,2313273.7385,Paia Elem School,197,422,Paia Elementary,955 Baldwin Avenue,Paia,96779,808.579.2100,808.579.2103,Leona Kehaulani Luuwai,K,5,Elementary,http://paiaelementary.com,Kekaulike,Baldwin-Kekaulike-Maui,Maui,Maui,0
608425.2016,2369522.121,Palisades Elem School,198,264,Palisades Elementary,2306 Auhuhu Street,Pearl City,96782,808.453.6550,808.453.5910,Gavin A Tsue,K,6,Elementary,https://sites.google.com/a/palisades.k12.hi.us/pes/,Pearl City,Pearl City-Waipahu,Leeward,Oahu,0
625349.3014,2355796.4989,Palolo Elem School,199,142,Palolo Elementary,2106 10th Avenue,Honolulu,96816,808.733.4700,808.733.4708,Holly Naomi Kiyonaga,K,5,Elementary,http://paloloelementary.k12.hi.us/,Kaimuki,Kaimuki-McKinley-Roosevelt,Honolulu,Oahu,0
624490.6427,2368390.6929,Parker Elem School,200,323,Parker Elementary,45-259 Waikalua Road,Kaneohe,96744,808.233.5686,808.233.5689,Kathy K Kahikina,K,6,Elementary,http://benjaminparkerschool.weebly.com/,Castle,Castle-Kahuku,Windward,Oahu,0
619897.1477,2357921.1672,Pauoa Elem School,201,143,Pauoa Elementary,2301 Pauoa Road,Honolulu,96813,808.587.4500,808.587.4506,Dale M Arakaki,K,5,Elementary,http://pauoa.k12.hi.us/,Roosevelt,Kaimuki-McKinley-Roosevelt,Honolulu,Oahu,0
606794.5974,2366229.3923,Pearl City Elem School,202,265,Pearl City Elementary,1090 Waimano Home Road,Pearl City,96782,808.453.6455,808.453.6467,Susan Kay M Hirokane,K,6,Elementary,http://www.pearlcity-es.org/,Pearl City,Pearl City-Waipahu,Leeward,Oahu,0
608794.3339,2368119.5474,Pearl City High School,203,266,Pearl City High,2100 Hookiekie Street,Pearl City,96782,808.453.6500,808.453.6521,Joseph S Halfmann,9,12,High,http://www.pchs.k12.hi.us,Pearl City,Pearl City-Waipahu,Leeward,Oahu,0
607171.6396,2367168.3477,Pearl City Highlands Elem,204,267,Pearl City Highlands Elementary,1419 Waimano Home Road,Pearl City,96782,808.453.6470,808.453.6472,Michael G Nakasato,K,6,Elementary,http://www.pches.org/,Pearl City,Pearl City-Waipahu,Leeward,Oahu,0
610853.0319,2360684.3061,Pearl Harbor Elem School,205,222,Pearl Harbor Elementary,1 Moanalua Ridge,Honolulu,96818,808.421.4125,808.421.4128,Kaipo Lee Simpson,K,6,Elementary,http://www.pearlharborelementary.org/,Radford,Aiea Moanalua-Radford,Central,Oahu,0
610197.6957,2361087.5395,Pearl Harbor Kai Elem School,206,223,Pearl Harbor Kai Elementary,1 C Avenue,Honolulu,96818,808.421.4245,808.421.4248,Dean M Casupang,K,6,Elementary,https://www.pearlharborkai.org,Radford,Aiea Moanalua-Radford,Central,Oahu,0
609336.7414,2365433.3585,Pearl Ridge Elem School,207,243,Pearl Ridge Elementary,98-940 Moanalua Road,Aiea,96701,808.305.9300,808.483.7255,Blaine Toshio Takeguchi,K,6,Elementary,http://pearlrid.k12.hi.us,Aiea,Aiea Moanalua-Radford,Central,Oahu,0
602599.4726,2357148.2758,Pohakea Elem School,208,269,Pohakea Elementary,91-750 Fort Weaver Road,Ewa Beach,96706,808.689.1290,808.689.1293,Judith S Wong,K,6,Elementary,http://www.pohakea.k12.hi.us,Campbell,Campbell-Kapolei,Leeward,Oahu,0
761519.0733,2309206.3513,Pomaikai Elem School,209,433,Pomaikai Elementary,4650 S. Kamehameha Avenue,Kahului,96732,808.873.3410,808.873.3414,Paula Masako Inouye,K,5,Elementary,http://pomaikai.k12.hi.us/,Maui,Baldwin-Kekaulike-Maui,Maui,Maui,0
635484.7467,2359047.0073,Pope Elem School,210,324,Pope Elementary,41-133 Huli Street,Waimanalo,96795,808.259.0450,808.259.0452,Todd Susumu Watanabe,K,6,Elementary,https://sites.google.com/site/bpespueo/home,Kailua,Kailua-Kalaheo,Windward,Oahu,0
776168.2253,2306642.8727,Pukalani Elem School,211,426,Pukalani Elementary,2945 Iolani Street,Pukalani,96768,808.573.8760,808.573.8766,Kathleen Dimino,K,5,Elementary,http://www.pukalani.k12.hi.us/,Kekaulike,Baldwin-Kekaulike-Maui,Maui,Maui,0
625431.409,2367946.7104,Puohala Elem School,212,314,Puohala Elementary,45-233 Kulauli Street,Kaneohe,96744,808.305.5900,808.233.5663,Shawna Noel Makala Paakaula,K,6,Elementary,http://puohala.k12.hi.us/,Castle,Castle-Kahuku,Windward,Oahu,0
759244.1682,2310432.58,Puu Kukui Elem School,213,436,Puu Kukui Elementary,3700 Kehalani Mauka Parkway,Wailuku,96793,808.984.5610,808.727.3120,Matthew Joseph Ernest Dillon,K,5,Elementary,http://www.puukukui.k12.hi.us/,Baldwin,Baldwin-Kekaulike-Maui,Maui,Maui,0
615646.9,2358809.047,Puuhale Elem School,214,145,Puuhale Elementary,345 Puuhale Road,Honolulu,96819,808.832.3190,808.832.3195,Arnie A Kikkawa,K,5,Elementary,http://www.puuhaleschool.org/,Farrington,Farrington-Kaiser-Kalani,Honolulu,Oahu,0
611255.1188,2362218.1106,Radford High School,215,224,Radford High,4361 Salt Lake Blvd.,Honolulu,96818,808.421.4200,808.421.4210,Richard T Shimabukuro,9,12,High,http://www.radfordhs.org/,Radford,Aiea Moanalua-Radford,Central,Oahu,0
614012.6264,2363355.3904,Red Hill Elem School,216,225,Red Hill Elementary,1265 Ala Kula Place,Honolulu,96819,808.305.1530,808.831.7861,Rory Vierra,K,6,Elementary,http://www.redhillelementary.org,Moanalua,Aiea Moanalua-Radford,Central,Oahu,0
620567.6625,2356886.5515,Roosevelt High School,217,146,Roosevelt High,1120 Nehoa Street,Honolulu,96822,808.587.4600,808.587.4637,Sean J E Wong,9,12,High,http://www.roosevelthigh.org/,Roosevelt,Kaimuki-McKinley-Roosevelt,Honolulu,Oahu,0
618826.0014,2357122.0421,Royal Elem School,218,147,Royal School,1519 Queen Emma Street,Honolulu,96813,808.587.4510,808.587.4518,Eleanor Mae Gonsalves,K,5,Elementary,http://www.royalschoolk5.org/,McKinley,Kaimuki-McKinley-Roosevelt,Honolulu,Oahu,0
612814.7747,2361372.508,Salt Lake Elem School,219,239,Salt Lake Elementary,1131 Ala Lilikoi Street,Honolulu,96818,808.305.1600,808.831.7873,Duwayne Fujio Abe,K,6,Elementary,http://www.saltlake.k12.hi.us/,Moanalua,Aiea Moanalua-Radford,Central,Oahu,0
610473.5427,2364705.1635,Scott Elem School,220,227,Scott Elementary,98-1230 Moanalua Road,Aiea,96701,808.483.7220,808.483.7223,Sandra J Watanabe,K,6,Elementary,http://www.alvahscott.org/,Aiea,Aiea Moanalua-Radford,Central,Oahu,0
615641.7083,2360393.839,Shafter Elem School,221,228,Shafter Elementary,2 Fort Shafter,Honolulu,96819,808.305.1500,808.832.3562,Alison A Higa,K,6,Elementary,https://www.shafterelementary.com,Moanalua,Aiea Moanalua-Radford,Central,Oahu,0
596059.4413,2376696.1026,Solomon Elem School,222,226,Solomon Elementary,2875 Waianae Uka Avenue,Wahiawa,96786,808.305.1800,808.624.9505,Sarah A Omalza,K,5,Elementary,http://www.solomonelementary.org,Leilehua,Leilehua-Mililani-Waialua,Central,Oahu,0
620191.514,2356884.7968,Stevenson Middle School,223,148,Stevenson Middle,1202 Prospect Street,Honolulu,96822,808.587.4520,808.587.4523,Linell K Dilwith,6,8,Middle,http://rlsms.k12.hi.us,Roosevelt,Kaimuki-McKinley-Roosevelt,Honolulu,Oahu,0
598192.9719,2395953.3907,Sunset Beach Elem School,224,325,Sunset Beach Elementary,59-360 Kamehameha Highway,Haleiwa,96712,808.638.8777,808.638.8789,Angela Kapualilia Pia,K,6,Elementary,http://www.sunset.k12.hi.us/,Kahuku,Castle-Kahuku,Windward,Oahu,0
601661.1955,2378255.8456,Wahiawa Elem School,225,229,Wahiawa Elementary,1402 Glen Avenue,Wahiawa,96786,808.622.6393,808.622.6394,Jamie Y Oshiro,K,5,Elementary,http://wes.k12.hi.us/,Leilehua,Leilehua-Mililani-Waialua,Central,Oahu,0
601736.2834,2377253.04,Wahiawa Middle School,226,230,Wahiawa Middle,275 Rose Street,Wahiawa,96786,808.305.3300,808.622.6506,Ursula Ann Kawaguchi,6,8,Middle,http://wahiawamiddle.com,Leilehua,Leilehua-Mililani-Waialua,Central,Oahu,0
618937.7306,2376004.0995,Waiahole Elem School,227,326,Waiahole Elementary,48-215 Waiahole Valley Road,Kaneohe,96744,808.239.3111,808.239.3113,Alexandra P Obra,K,6,Elementary,http://www.waiahole.org/,Castle,Castle-Kahuku,Windward,Oahu,0
911657.5273,2182424.5678,Waiakea Elem School,228,384,Waiakea Elementary,180 West Puainako Street,Hilo,96720,808.981.7215,808.981.7218,Ken K Watanabe,K,5,Elementary,http://www.waiakeaelementary.org/,Waiakea,Hilo-Waiakea,Hawaii,Hawaii,0
911338.4573,2183122.2407,Waiakea High School,229,389,Waiakea High,155 W. Kawili Street,Hilo,96720,808.974.4888,808.974.4880,Kelcy K Koga,9,12,High,http://waiakeahigh.k12.hi.us/,Waiakea,Hilo-Waiakea,Hawaii,Hawaii,0
911375.9638,2182395.9462,Waiakea Inter School,230,385,Waiakea Intermediate,200 West Puainako Street,Hilo,96720,808.981.7231,808.981.7237,Lisa N M Souza,6,8,Middle,http://www.waiakeatitans.org/,Waiakea,Hilo-Waiakea,Hawaii,Hawaii,0
912436.1287,2181248.6195,Waiakeawaena Elem School,231,386,Waiakeawaena Elementary,2420 Kilauea Avenue,Hilo,96720,808.981.7200,808.981.7205,Kasie Puahala Torres Kaleohano,K,5,Elementary,http://www.waiakeawaena-elementary.com/,Waiakea,Hilo-Waiakea,Hawaii,Hawaii,0
590953.5135,2386192.0663,Waialua Elem School,232,231,Waialua Elementary,67-020 Waialua Beach Road,Waialua,96791,808.637.8228,808.637.8225,Scott B Moore,K,6,Elementary,http://www.waialuae.k12.hi.us,Waialua,Leilehua-Mililani-Waialua,Central,Oahu,0
590549.2644,2385150.5334,Waialua High & Inter School,233,232,Waialua High and Intermediate,67-160 Farrington Highway,Waialua,96791,808.637.8200,808.637.8209,Christine A Alexander,7,12,Intermediate-High,http://www.whis.k12.hi.us/,Waialua,Leilehua-Mililani-Waialua,Central,Oahu,0
584499.9066,2371581.7328,Waianae Elem School,234,270,Waianae Elementary,85-220 McArthur Street,Waianae,96792,808.697.7083,808.697.7090,Ray Pikelny,K,6,Elementary,http://wes.nwcomplex.org/,Waianae,Nanakuli-Waianae,Leeward,Oahu,0
582946.1285,2372817.9168,Waianae High School,235,272,Waianae High,85-251 Farrington Highway,Waianae,96792,808.697.7017,808.697.7018,Disa Hauge,9,12,High,http://whs.nwcomplex.org/,Waianae,Nanakuli-Waianae,Leeward,Oahu,0
583584.1004,2372339.1988,Waianae Inter School,236,273,Waianae Intermediate,85-626 Farrington Highway,Waianae,96792,808.697.7121,808.697.7124,John Charles Wataoka,7,8,Middle,http://wis.nwcomplex.org/,Waianae,Nanakuli-Waianae,Leeward,Oahu,0
608421.538,2366573.7149,Waiau Elem School,237,288,Waiau Elementary,98-450 Hookanike Street,Pearl City,96782,808.453.6530,808.453.6541,Troy Masao Takazono,K,6,Elementary,http://www.waiauelementary.org,Pearl City,Pearl City-Waipahu,Leeward,Oahu,0
758618.882,2316893.9546,Waihee Elem School,238,424,Waihee Elementary,2125 Kahekili Highway,Wailuku,96793,808.984.5644,808.984.5648,Paula Masako Inouye,K,5,Elementary,http://waihee.k12.hi.us,Baldwin,Baldwin-Kekaulike-Maui,Maui,Maui,0
602439.0854,2366964.981,Waikele Elem School,239,290,Waikele Elementary,94-1035 Kukula Street,Waipahu,96797,808.677.6100,808.677.6106,Sheldon S Oshio,K,6,Elementary,http://www.waikelees.org,Waipahu,Pearl City-Waipahu,Leeward,Oahu,0
622920.9175,2352290.2706,Waikiki Elem School,240,150,Waikiki Elementary,3710 Leahi Avenue,Honolulu,96815,808.971.6900,808.971.6902,Bonnie L Tabor,K,5,Elementary,www.waikikischool.org/,Kalani,Farrington-Kaiser-Kalani,Honolulu,Oahu,0
836105.8695,2208739.263,Waikoloa School,241,393,Waikoloa Elementary and Middle,68-1730 Hooko Street,Waikoloa,96738,808.883.6808,808.883.6811,Kristine Kosa-Correia,K,7,Elementary-Middle,http://www.waikoloaschool.org/,Kealakehe,Honokaa-Kealakehe-Kohala-Konawaena,Hawaii,Hawaii,0
759557.6387,2311190.9706,Wailuku Elem School,242,425,Wailuku Elementary,355 South High Street,Wailuku,96793,808.984.5622,808.984.5627,Beverly K Stanich,K,5,Elementary,http://wailuku.k12.hi.us,Baldwin,Baldwin-Kekaulike-Maui,Maui,Maui,0
608876.245,2365756.4372,Waimalu Elem School,243,233,Waimalu Elementary,98-825 Moanalua Road,Aiea,96701,808.307.4500,808.483.7213,Glen Keiji Iwamoto,K,6,Elementary,http://www.waimaluelementary.org,Aiea,Aiea Moanalua-Radford,Central,Oahu,0
633161.8899,2361098.9289,Waimanalo Elem & Inter School,244,327,Waimanalo Elementary and Intermediate,41-1330 Kalanianaole Highway,Waimanalo,96795,808.259.0460,808.259.0463,Noel R Richardson,K,8,Elementary-Middle,http://www.waimanaloschool.org/,Kailua,Kailua-Kalaheo,Windward,Oahu,0
430564.0205,2428566.2393,Waimea Canyon School,245,464,Waimea Canyon Middle,9555 Huakai Road,Waimea,96796,808.338.6830,808.338.6832,Melissa Ptacek Speetjens,6,8,Middle,http://www.waimeacanyonms.org/,Waimea,Kapaa-Kauai-Waimea,Kauai,Kauai,0
848435.8606,2217105.8572,Waimea Elem School,246,387,Waimea Elementary,67-1225 Mamalahoa Highway,Kamuela,96743,808.887.7636,808.887.7640,Scott S Tamura,K,5,Elementary,http://www.waimeaelementary.k12.hi.us,Honokaa,Honokaa-Kealakehe-Kohala-Konawaena,Hawaii,Hawaii,0
430954.6341,2428253.7292,Waimea High School,247,462,Waimea High,9707 Tsuchiya Road,Waimea,96796,808.338.6800,808.338.6807,Mahina Leigh Anguay,9,12,High,www.waimeahighschool.org,Waimea,Kapaa-Kauai-Waimea,Kauai,Kauai,0
602010.8864,2365133.3324,Waipahu Elem School,248,274,Waipahu Elementary,94-465 Waipahu Street,Waipahu,96797,808.675.0150,808.675.0121,Keith Chung Hai Hui,K,6,Elementary,http://waipahuelementary.org/,Waipahu,Pearl City-Waipahu,Leeward,Oahu,0
604334.7092,2365679.7397,Waipahu High School,249,277,Waipahu High,94-1211 Farrington Highway,Waipahu,96797,808.675.0222,808.675.0257,Meryl Chieko Matsumura,9,12,High,http://www.edline.net/pages/waipahu_high_school,Waipahu,Pearl City-Waipahu,Leeward,Oahu,0
602163.3379,2364730.7592,Waipahu Inter School,250,278,Waipahu Intermediate,94-445 Farrington Highway,Waipahu,96797,808.675.0177,808.675.0181,Randell T Dunn,7,8,Middle,http://www.waipahuintermediate.org,Waipahu,Pearl City-Waipahu,Leeward,Oahu,0
620835.1496,2355424.101,Washington Middle School,251,152,Washington Middle,1633 South King Street,Honolulu,96826,808.973.0177,808.973.0181,Michael K Harano,6,8,Middle,http://www.washington.k12.hi.us,Kaimuki,Kaimuki-McKinley-Roosevelt,Honolulu,Oahu,0
612014.5581,2364671.915,Webling Elem School,252,235,Webling Elementary,99-370 Paihi Street,Aiea,96701,808.483.7240,808.483.7242,Chad M Matsuda,K,6,Elementary,http://weblingpueo.org,Aiea,Aiea Moanalua-Radford,Central,Oahu,0
599487.8034,2376437.7111,Wheeler Elem School,253,236,Wheeler Elementary,1 Wheeler Army Air Field,Wahiawa,967864198,808.305.9500,808.622.6403,Troy Tetsuo Tamura,K,5,Elementary,http://www.wheeler.k12.hi.us,Leilehua,Leilehua-Mililani-Waialua,Central,Oahu,0
599712.3677,2376498.3909,Wheeler Middle School,254,237,Wheeler Middle,2 Wheeler Army Air Field,Wahiawa,967864199,808.305.9000,808.622.6529,Samuel E Bennett,6,8,Middle,http://www.wheelm.k12.hi.us/,Leilehua,Leilehua-Mililani-Waialua,Central,Oahu,0
462417.5581,2430247.4732,Wilcox Elem School,255,463,Wilcox Elementary,4319 Hardy Street,Lihue,96766,808.274.3150,808.274.3152,Corey Dean Nakamura,K,5,Elementary,http://www.wilcox.k12.hi.us/,Kauai,Kapaa-Kauai-Waimea,Kauai,Kauai,0
626032.7455,2353824.7198,Wilson Elem School,256,153,Wilson Elementary,4945 Kilauea Avenue,Honolulu,96816,808.733.4740,808.733.4746,Ryan A Amine,K,5,Elementary,http://wilsonschoolhawaii.org,Kalani,Farrington-Kaiser-Kalani,Honolulu,Oahu,0
910352.241,2185835.7046,Connections-PCS,257,396,Connections PCS,174 Kamehameha Avenue,Hilo,96720,808.961.3664,808.961.2665,John L. Thatcher  II,K,12,Elementary-Middle-High,http://www.connectionscharterschool.org/,Hilo,Hilo-Waiakea,Hawaii,Hawaii,1
623256.9987,2367852.0423,Hakipuu Learning Center - PCS,258,546,Hakipuu Learning Center PCS,45-720 Keaahala Road,Kaneohe,96744,808.235.9155,808.235.9160,Charlene Hoe,4,12,Elementary-Middle-High,https://sites.google.com/site/hlctechsite96744/,Castle,Castle-Kahuku,Windward,Oahu,1
621460.7235,2357259.0251,Halau Ku Mana - PCS,259,540,Halau Ku Mana PCS,2101 Makiki Heights Drive,Honolulu,96822,808.945.1600,808.945.1604,Grandon Keoni Bunag,6,12,Intermediate,http://www.halaukumana.org/,Roosevelt,Kaimuki-McKinley-Roosevelt,Honolulu,Oahu,1
602935.1599,2365421.3106,Hawaii Technology Academy-PCS,260,551,Hawai'i Technology Academy PCS,94-450 Mokuola Street,Waipahu,96797,808.676.5444,808.676.5470,Leigh Fitzgerald,K,12,Elementary-Middle-High,https://hi.myhta.org,Waipahu,Pearl City-Waipahu,Leeward,Oahu,1
927188.4674,2162230.0754,HI Academy of Arts & Sci - PCS,261,561,Hawai`i Academy of Arts and Science PCS,15-1397 Homestead Road,Pahoa,96778,808.965.3730,808.965.3733,Steven Hirakami,K,12,Elementary-Middle-High,http://www.haaspcs.org/,Pahoa,Kau-Keaau-Pahoa,Hawaii,Hawaii,1
817120.175,2173549.7328,Innovations - PCS,262,548,Innovations PCS,75-5815 Queen Kaahumanu Highway,Kailua-Kona,96740,808.327.6205,808.327.6209,Jennifer Hiro,1,8,Elementary-Middle,http://www.ipcs.info/,Kealakehe,Honokaa-Kealakehe-Kohala-Konawaena,Hawaii,Hawaii,1
914524.0335,2186248.0604,Ka Umeke Kaeo - PCS,263,562,Ka Umeke Kaeo PCS,222 Desha Avenue,Hilo,96720,808.933.3482,808.933.3488,Olani Lilly,PreK,8,Elementary-Middle,http://kaumeke.org/,Waiakea,Hilo-Waiakea,Hawaii,Hawaii,1
588675.8379,2364517.801,Ka Waihona O Ka Naauao - PCS,264,545,Ka Waihona O Ka Naauao PCS,89-195 Farrington Highway,Wai'anae,96792,808.620.9030,808.620.9036,Kalehua Krug,K,8,Elementary-Middle,http://www.kawaihonapcs.org/,Nanakuli,Nanakuli-Waianae,Leeward,Oahu,1
583457.8798,2372904.6565,Kamaile Academy - PCS,265,275,Kamaile Academy PCS,85-180 Ala Akau Street,Waianae,96792,808.697.7110,808.697.7115,Paul Kepka,K,12,Elementary-Middle-High,http://www.kamaile-academy.org/,Waianae,Nanakuli-Waianae,Leeward,Oahu,1
850401.9418,2216705.6966,Kanu O Ka Aina - PCS,266,397,Kanu O Ka Aina PCS,64-1043 Hi'iaka St.,Kamuela,96743,808.887.1117,808.887.0030,Allyson Tamura,K,12,Elementary-Middle-High,http://www.kalo.org/,Honokaa,Honokaa-Kealakehe-Kohala-Konawaena,Hawaii,Hawaii,1
468987.9427,2448275.1203,Kanuikapono - PCS,267,564,Kanuikapono PCS,4333 Kukuihale Road,Anahola,96703,808.823.9160,808.823.9140,Ku'uipo Torio-Kauhane,K,12,Elementary-Middle-High,http://kanuikapono.org/,Kapaa,Kapaa-Kauai-Waimea,Kauai,Kauai,1
854393.187,2108643.5094,Kau Learning Academy,268,552,Kau Learning Academy,94-1581 Kaulua Circle,Naalehu,96772,808.498.0761,808.498.0763,Kathryn Tydlacka-McKown,3,7,Elementary,http://www.kaulearning.com,Kau,Kau-Keaau-Pahoa,Hawaii,Hawaii,1
458932.2108,2429127.1824,Kawaikini NCPCS,269,565,Kawaikini NCPCS,3-1821 J Kaumualii Hwy,Lihue,96766,808.632.2032,808.246.4835,Kaleimakamae Ka'auwai,K,12,Elementary-Middle-High,http://www.kawaikini.com,Kauai,Kapaa-Kauai-Waimea,Kauai,Kauai,1
915648.5774,2186776.648,Ke Ana Laahana-PCS,270,549,Ke Ana Laahana PCS,162 Baker Avenue,Hilo,96720,808.961.6228,808.961.6229,Kamaka Gunderson,7,12,Intermediate,http://www.kalpcs.com/,Waiakea,Hilo-Waiakea,Hawaii,Hawaii,1
916768.0938,2172599.0486,Ke Kula O Nawahiokalani Iki,271,563,Ke Kula 'o Nawahiokalani'opu'u Iki Laboratory PCS,16-120 Opukahaia Street  Suite 2,Keaau,96749,808.982.4260,808.966.7821,Kauanoe Kamana,PreK,8,Elementary-Middle,http://nawahi.org/,Keaau,Kau-Keaau-Pahoa,Hawaii,Hawaii,1
622513.3694,2368039.7965,Ke Kula 'o Samuel M. Kamakau,272,547,Ke Kula 'o Samuel M. Kamakau  LPCS,46-500 Kuneki Street,Kaneohe,96744,808.235.9175,808.235.9173,Meahilahila Kelling,K,12,Elementary-Middle-High,http://www.kamakau.com,Castle,Castle-Kahuku,Windward,Oahu,1
426113.8431,2429957.601,Ke Kula Niihau O Kekaha-LPCS,273,556,Ke Kula Niihau O Kekaha LPCS,8135 Kekaha Road,Kekaha,96752,808.337.0481,808.337.1289,Tia Koerte,K,12,Elementary-Middle-High,http://www.hawaiicharterschools.com/school/ke-kula-niihau-kekaha-pcs,Waimea,Kapaa-Kauai-Waimea,Kauai,Kauai,1
765485.0812,2298999.9007,Kihei Charter School,274,554,Kihei Charter School,300 Ohukai Road  #209,Kihei,96753,808.875.0700,808.874.6745,John Colson,K,12,Elementary-Middle-High,http://www.kiheicharter.org/,Maui,Baldwin-Kekaulike-Maui,Maui,Maui,1
823224.5147,2160786.3088,Kona Pacific PCS,275,566,Kona Pacific PCS,79-7595 Mamamlahoa Highway,Kealakekua,96750,808.322.4900,808.322.4906,Shaheer Faltas,K,8,Elementary-Middle,http://www.kppcs.org,Konawaena,Honokaa-Kealakehe-Kohala-Konawaena,Hawaii,Hawaii,1
937512.291,2158212.7366,Kua O Ka La - NCPCS,276,557,Kua O Ka La NCPCS,14-5322 Kaimu/Kapoho Road - Hwy. 137  Mile Marker 10,Pahoa,96778,808.965.5098,808.965.9618,Pilimai Traub,K,12,Elementary-Middle-High,http://kuaokala.org/,Pahoa,Kau-Keaau-Pahoa,Hawaii,Hawaii,1
703515.5638,2341026.408,Kualapuu Elem School - PCS,277,411,Kualapuu Elementary PCS,260 Farrington Avenue,Kualapuu,96757,808.567.6900,808.567.6906,Lydia Trinidad,K,6,Elementary,http://kualapuuschool.weebly.com,Molokai,Hana-Lahainaluna-Lanai-Molokai,Maui,Molokai,1
426575.4938,2429574.7187,Kula Aupuni Niihau - PCS,278,466,Kula Aupuni Niihau PCS,8315 Kekaha Road  Suite P,Kekaha,96752,808.337.2022,808.337.2033,Hedy Sullivan,K,12,Elementary-Middle-High,http://www.kanakapcs.org/,Waimea,Kapaa-Kauai-Waimea,Kauai,Kauai,1
632251.2165,2366202.2932,Lanikai Elem School-PCS,279,320,Kaohao Elementary PCS,140 Alala Road,Kailua,96734,808.266.7844,808.266.7848,Ed Noh,K,6,Elementary,http://lanikaischool.com/,Kalaheo,Kailua-Kalaheo,Windward,Oahu,1
895003.2973,2213760.2845,Laupahoehoe Community - PCS,280,377,Laupahoehoe Community PCS,35-2065 Old Mamalahoa Highway,Laupahoehoe,96764,808.962.2200,808.962.2202,Michael Okoye,PreK,12,Elementary-Middle-High,http://www.lcpcs.org/,Laupahoehoe,Hilo-Waiakea,Hawaii,Hawaii,1
634567.0821,2360260.1463,Malama Honua - PCS,281,550,Malama Honua PCS,41-054 Ehukai Street,Waimanalo,96795,808.259.5522,808.259.5525,Denise Espania,K,4,Elementary,http://www.malamahonuapcs.org/,Kailua,Kailua-Kalaheo,Windward,Oahu,1
618278.171,2356606.4923,Myron B. Thompson Academy,282,544,Myron B. Thompson Academy,1040 Richards St.  Ste. 220,Honolulu,96813,808.441.8001,808.683.7062,Diana Oshiro,K,12,Elementary-Middle-High,http://www.ethompson.org/,McKinley,Kaimuki-McKinley-Roosevelt,Honolulu,Oahu,1
908443.887,2166242.3496,Na Wai Ola - PCS,283,398,Na Wai Ola PCS,18-1355 Volcano Highway  P.O. Box 711539,Mountain View,96771,808.968.2318,808.968.0778,Jason Wong,PreK,6,Elementary,http://nawaiolapcs.org/,Keaau,Kau-Keaau-Pahoa,Hawaii,Hawaii,1
625325.8422,2352700.7273,SEEQS - PCS,284,567,SEEQS PCS,845 22nd Ave.,Honolulu,96816,808.677.3377, ,Buffy Cushman-Patz,6,8,Middle,http://www.seeqs.org/,Kalani,Farrington-Kaiser-Kalani,Honolulu,Oahu,1
620449.2535,2356441.9846,University Laboratory School,285,543,University Laboratory,1776 University Avenue  UHS Bldg 3  #121,Honolulu,96822,808.956.7833,808.956.7260,Keoni Jeremiah,K,12,Elementary-Middle-High,http://www.universitylaboratoryschool.org/,Roosevelt,Kaimuki-McKinley-Roosevelt,Honolulu,Oahu,1
894862.6941,2152008.7839,Volcano School of Arts & Sci,286,560,Volcano School of Arts and Sciences,99-128 Old Volcano Road,Volcano,96785,808.985.9800,808.985.9898,Kalima Cayir,K,8,Elementary-Middle,http://volcanoschool.com/,Keaau,Kau-Keaau-Pahoa,Hawaii,Hawaii,1
622095.4864,2355340.5601,Voyager - PCS,287,541,Voyager PCS,2428 Wilder Avenue,Honolulu,96822,808.521.9770,808.521.9772,Jeffrey Vilardi,K,7,Elementary-Middle,http://voyagerschool.com,McKinley,Kaimuki-McKinley-Roosevelt,Honolulu,Oahu,1
625239.8818,2353219.1407,Waialae Elem School - PCS,288,149,Waialae Elementary PCS,1045 19th Avenue,Honolulu,96816,808.733.4880,808.733.4886,Kapono Ciotti,K,5,Elementary,http://www.waialae.edu/,Kalani,Farrington-Kaiser-Kalani,Honolulu,Oahu,1
848424.5157,2217096.7432,Waimea Middle School - PCS,289,394,Waimea Middle PCS,67-1229 Mamalahoa Hwy.,Kamuela,96743,808.887.6090,808.887.6087,Amy Kendziorski,6,8,Middle,http://waimeamiddleschool.org/,Honokaa,Honokaa-Kealakehe-Kohala-Konawaena,Hawaii,Hawaii,1
815717.1634,2173817.4096,West Hawaii Explorations -PCS,290,399,West Hawai'i Explorations PCS,73-4460 Queen Kaahumanu Hwy.  PMB 503 Highway  Suite #105,Kailua-Kona,96740,808.327.4751,808.327.4750,Heather Nakakura,6,12,Intermediate,http://www.whea.net/,Kealakehe,Honokaa-Kealakehe-Kohala-Konawaena,Hawaii,Hawaii,1
598753.9524,2360612.6267, ,291,0,Honouliuli Middle,"91-559 Maunakapu St.
",Ewa Beach,96706,808.829.7168, ,Todd Fujimori,6,8,Middle,https://www.honouliuli.k12.hi.us/, , ,Honolulu,Oahu,0
766200.4915,2297885.0916, ,292,0,Kulanihakoʻi High,"Kulanihakoi St &, Piilani Hwy",Kihei,96753, , ,Halle Maxwell, ,0,High,https://www.khsmaui.org/, , ,Maui,Maui,0
